"date","new_cases","PCR","TestAc","activos","hospitalized","hospitalized_new","hospitalized_accumulated","intensive_care","deceased","cases_accumulated","recovered","daily_deaths",daily_deaths_avg3,"daily_deaths_avg7"
"2020-01-01","0","0","0","0","0","0","0","0","0","0","0","NA",NA,"NA"
"2020-01-02","0","0","0","0","0","0","0","0","0","0","0","0",NA,"NA"
"2020-01-03","0","0","0","0","0","0","0","0","0","0","0","0",NA,"NA"
"2020-01-04","0","0","0","0","0","0","0","0","0","0","0","0",0,"NA"
"2020-01-05","0","0","0","0","0","0","0","0","0","0","0","0",0,"NA"
"2020-01-06","0","0","0","0","0","0","0","0","0","0","0","0",0,"NA"
"2020-01-07","0","0","0","0","0","0","0","0","0","0","0","0",0,"NA"
"2020-01-08","0","0","0","0","0","0","0","0","0","0","0","0",0,"0"
"2020-01-09","0","0","0","0","0","0","0","0","0","0","0","0",0,"0"
"2020-01-10","0","0","0","0","0","0","0","0","0","0","0","0",0,"0"
"2020-01-11","0","0","0","0","0","0","0","0","0","0","0","0",0,"0"
"2020-01-12","0","0","0","0","0","0","0","0","0","0","0","0",0,"0"
"2020-01-13","0","0","0","0","0","0","0","0","0","0","0","0",0,"0"
"2020-01-14","0","0","0","0","0","0","0","0","0","0","0","0",0,"0"
"2020-01-15","0","0","0","0","0","0","0","0","0","0","0","0",0,"0"
"2020-01-16","0","0","0","0","0","0","0","0","0","0","0","0",0,"0"
"2020-01-17","0","0","0","0","0","0","0","0","0","0","0","0",0,"0"
"2020-01-18","0","0","0","0","0","0","0","0","0","0","0","0",0,"0"
"2020-01-19","0","0","0","0","0","0","0","0","0","0","0","0",0,"0"
"2020-01-20","0","0","0","0","0","0","0","0","0","0","0","0",0,"0"
"2020-01-21","0","0","0","0","0","0","0","0","0","0","0","0",0,"0"
"2020-01-22","0","0","0","0","0","0","0","0","0","0","0","0",0,"0"
"2020-01-23","0","0","0","0","0","0","0","0","0","0","0","0",0,"0"
"2020-01-24","0","0","0","0","0","0","0","0","0","0","0","0",0,"0"
"2020-01-25","0","0","0","0","0","0","0","0","0","0","0","0",0,"0"
"2020-01-26","0","0","0","0","0","0","0","0","0","0","0","0",0,"0"
"2020-01-27","0","0","0","0","0","0","0","0","0","0","0","0",0,"0"
"2020-01-28","0","0","0","0","0","0","0","0","0","0","0","0",0,"0"
"2020-01-29","0","0","0","0","0","0","0","0","0","0","0","0",0,"0"
"2020-01-30","0","0","0","0","0","0","0","0","0","0","0","0",0,"0"
"2020-01-31","0","0","0","0","0","0","0","0","0","0","0","0",0,"0"
"2020-02-01","0","0","0","0","0","0","0","0","0","0","0","0",0,"0"
"2020-02-02","0","0","0","0","0","0","0","0","0","0","0","0",0,"0"
"2020-02-03","0","0","0","0","0","0","0","0","0","0","0","0",0,"0"
"2020-02-04","0","0","0","0","0","0","0","0","0","0","0","0",0,"0"
"2020-02-05","0","0","0","0","0","0","0","0","0","0","0","0",0,"0"
"2020-02-06","0","0","0","0","0","0","0","0","0","0","0","0",0,"0"
"2020-02-07","0","0","0","0","0","0","0","0","0","0","0","0",0,"0"
"2020-02-08","0","0","0","0","0","0","0","0","0","0","0","0",0,"0"
"2020-02-09","1","0","0","0","0","0","0","0","0","1","0","0",0,"0"
"2020-02-10","0","0","0","0","0","0","0","0","0","1","0","0",0,"0"
"2020-02-11","0","0","0","0","0","0","0","0","0","1","0","0",0,"0"
"2020-02-12","0","0","0","0","0","0","0","0","0","1","0","0",0,"0"
"2020-02-13","0","0","0","0","0","0","0","0","0","1","0","0",0,"0"
"2020-02-14","0","0","0","0","0","0","0","0","0","1","0","0",0,"0"
"2020-02-15","0","0","0","0","0","0","0","0","0","1","0","0",0,"0"
"2020-02-16","0","0","0","0","0","0","0","0","0","1","0","0",0,"0"
"2020-02-17","0","0","0","0","0","0","0","0","0","1","0","0",0,"0"
"2020-02-18","0","0","0","0","0","0","0","0","0","1","0","0",0,"0"
"2020-02-19","0","0","0","0","0","0","0","0","0","1","0","0",0,"0"
"2020-02-20","0","0","0","0","0","0","0","0","0","2","0","0",0,"0"
"2020-02-21","0","0","0","0","0","0","0","0","0","2","0","0",0,"0"
"2020-02-22","0","0","0","0","0","0","0","0","0","1","0","0",0,"0"
"2020-02-23","0","0","0","0","0","0","0","0","0","1","0","0",0,"0"
"2020-02-24","0","0","8","0","0","0","0","0","0","1","0","0",0,"0"
"2020-02-25","0","0","15","2","0","0","0","0","0","4","0","0",0,"0"
"2020-02-26","1","0","19","0","0","0","0","0","0","9","0","0",0,"0"
"2020-02-27","8","3","30","5","0","0","0","0","0","21","0","0",0,"0"
"2020-02-28","3","1","60","6","0","0","0","0","0","34","0","0",0,"0"
"2020-02-29","5","2","79","7","1","0","0","0","0","49","0","0",0,"0"
"2020-03-01","5","0","112","0","1","0","0","0","0","80","0","0",0,"0"
"2020-03-02","2","9","169","0","1","0","1","0","0","135","0","0",0,"0"
"2020-03-03","9","1","276","7","1","0","1","0","0","192","0","0",0,"0"
"2020-03-04","5","0","361","6","1","0","1","0","2","261","0","2",0.7,"0.3"
"2020-03-05","36","3","470","8","1","0","4","0","3","395","0","1",1,"0.4"
"2020-03-06","41","7","634","14","1","0","4","0","5","638","0","2",1.7,"0.7"
"2020-03-07","45","4","801","17","1","0","4","0","13","898","0","8",3.7,"1.9"
"2020-03-08","47","1","940","16","1","0","7","2","28","1306","0","15",8.3,"4"
"2020-03-09","69","98","1114","19","1","0","11","3","40","2005","0","12",11.7,"5.7"
"2020-03-10","89","8","1363","27","1","0","41","5","57","3005","0","17",14.7,"8.1"
"2020-03-11","132","225","1657","43","11","0","61","7","104","4118","0","47",25.3,"14.6"
"2020-03-12","309","391","1974","60","12","0","87","10","153","5505","0","49",37.7,"21.4"
"2020-03-13","679","601","2334","82","1317","0","104","191","201","7630","0","48",48,"28"
"2020-03-14","809","398","2694","105","1535","0","140","198","390","9746","0","189",95.3,"53.9"
"2020-03-15","974","518","3007","122","2355","0","196","278","461","11790","0","71",102.7,"61.9"
"2020-03-16","1106","1388","3364","167","2368","0","251","289","674","15068","0","213",157.7,"90.6"
"2020-03-17","1231","1204","3899","208","3775","0","321","407","808","18984","0","134",139.3,"107.3"
"2020-03-18","1802","1491","4578","276","4193","0","438","590","1049","23100","0","241",196,"135"
"2020-03-19","2070","1597","5323","3075","5710","0","536","723","1355","28149","0","306",227,"171.7"
"2020-03-20","2045","1792","6083","3922","7066","0","666","847","1732","33822","0","377",308,"218.7"
"2020-03-21","1912","1217","7050","4768","8316","0","808","978","2165","38199","0","433",372,"253.6"
"2020-03-22","1703","1105","7946","5312","9605","0","964","1094","2687","41817","0","522",444,"318"
"2020-03-23","2744","2527","8674","5853","11276","0","1173","1304","3281","48757","0","594",516.3,"372.4"
"2020-03-24","3813","2174","9952","6482","12438","0","1425","1503","4048","55637","0","767",627.7,"462.9"
"2020-03-25","3993","2084","11664","8766","13602","0","2236","1669","4802","64300","0","754",705,"536.1"
"2020-03-26","4434","2111","13332","9923","15309","0","2636","1846","5675","72835","0","873",798,"617.1"
"2020-03-27","3812","1839","14872","7560","16842","0","3066","1946","6629","79953","0","954",860.3,"699.6"
"2020-03-28","2420","1306","16559","13147","19775","0","3415","2437","7697","87512","0","1068",965,"790.3"
"2020-03-29","3676","1176","17617","9489","23425","0","3673","2540","8683","93253","0","986",1002.7,"856.6"
"2020-03-30","3311","2124","18545","14603","24244","0","4068","2946","9626","100542","0","943",999,"906.4"
"2020-03-31","3976","1603","20287","15194","24492","0","4354","2753","10682","106786","0","1056",995,"947.7"
"2020-04-01","4685","1516","21865","21165","25552","0","4672","2922","11700","113433","0","1018",1005.7,"985.4"
"2020-04-02","3489","1483","23609","17714","25467","0","5015","2984","12779","119716","0","1079",1051,"1014.9"
"2020-04-03","2935","1499","25131","5960","25198","12","5332","2969","13803","126009","0","1024",1040.3,"1024.9"
"2020-04-04","2858","827","26770","6054","24804","13","5566","2981","14730","130497","0","927",1010,"1004.7"
"2020-04-05","2112","633","27597","6077","24633","14","5761","2990","15590","133946","0","860",937,"986.7"
"2020-04-06","2205","1489","28500","6110","24217","20","5986","3002","16514","138838","0","924",903.7,"984"
"2020-04-07","1349","1288","30433","6194","23350","30","6144","2976","17395","143498","0","881",888.3,"959"
"2020-04-08","1402","1323","32452","6102","22295","75","6305","2896","18346","148638","0","951",918.7,"949.4"
"2020-04-09","1427","1321","34283","6109","21396","96","6548","2862","19220","153491","0","874",902,"920.1"
"2020-04-10","1809","1125","36168","6242","20532","384","6722","2785","20007","158356","0","787",870.7,"886.3"
"2020-04-11","1364","817","37361","6344","19575","454","6890","2749","20808","161857","0","801",820.7,"868.3"
"2020-04-12","1589","538","38803","6321","18905","465","7029","2676","21502","164622","0","694",760.7,"844.6"
"2020-04-13","1456","770","40124","6315","18591","504","7154","2655","22199","168125","0","697",730.7,"812.1"
"2020-04-14","1606","1157","41973","6326","17797","607","7278","2605","22914","172359","0","715",702,"788.4"
"2020-04-15","1747","1234","44800","6383","16770","690","7394","2501","23600","176587","0","686",699.3,"750.6"
"2020-04-16","2047","1145","48100","6372","15962","912","7539","2414","24267","181091","0","667",689.3,"721"
"2020-04-17","2172","1499","51321","6410","15032","1305","7696","2336","24888","186197","0","621",658,"697.3"
"2020-04-18","1500","707","57457","11444","14372","3931","7854","2246","25474","191948","0","586",624.7,"666.6"
"2020-04-19","987","437","60022","11240","13862","4198","7931","2262","26002","194070","0","528",578.3,"642.9"
"2020-04-20","1906","860","62193","11167","13714","4436","8016","2224","26488","196919","0","486",533.3,"612.7"
"2020-04-21","2247","868","66641","11056","13289","4980","46093","2154","27003","200393","0","515",509.7,"584.1"
"2020-04-22","2858","872","72015","10511","12181","5658","46519","2022","27463","204573","0","460",487,"551.9"
"2020-04-23","2674","698","76972","10156","11388","6088","46941","1948","27875","207993","0","412",462.3,"515.4"
"2020-04-24","2730","648","82252","20679","11598","6423","47313","2072","28310","211342","0","435",435.7,"488.9"
"2020-04-25","2077","335","87012","20841","11067","6595","47659","2137","28677","226417","0","367",404.7,"457.6"
"2020-04-26","1687","266","90367","20921","10816","6981","47888","2092","28996","228786","0","319",373.7,"427.7"
"2020-04-27","1574","341","93115","20859","10424","7447","48083","2049","29293","231304","0","297",327.7,"400.7"
"2020-04-28","1698","462","98772","19767","9910","8023","48358","1936","29634","234322","0","341",319,"375.9"
"2020-04-29","1592","482","104267","21304","9455","8524","48647","1864","29935","237377","0","301",313,"353.1"
"2020-04-30","1701","334","109873","20019","8754","8947","48912","1800","30208","240463","0","273",305,"333.3"
"2020-05-01","1293","229","114397","20272","10322","9023","49106","2267","30491","242823","0","283",285.7,"311.6"
"2020-05-02","1067","164","117238","20660","10068","9064","49275","2211","30729","244568","0","238",264.7,"293.1"
"2020-05-03","741","76","118412","20803","10025","9086","49449","2147","32141","245644","0","1412",644.3,"449.3"
"2020-05-04","567","226","120337","20933","9605","9381","49591","2037","32361","246749","0","220",623.3,"438.3"
"2020-05-05","748","239","125311","16890","9224","9718","49809","1961","32619","248891","0","258",630,"426.4"
"2020-05-06","963","238","129714","17281","8494","10118","49972","1851","32867","251821","0","248",242,"418.9"
"2020-05-07","1057","249","133180","17620","8033","10450","50148","1773","33104","254303","0","237",247.7,"413.7"
"2020-05-08","940","260","138424","17745","7477","10730","50308","1712","33332","256472","0","228",237.7,"405.9"
"2020-05-09","1068","199","143389","18014","7076","10835","50447","1636","33540","258376","0","208",224.3,"401.6"
"2020-05-10","891","101","144912","18261","6943","10865","50552","1603","33695","259642","0","155",197,"222"
"2020-05-11","466","225","147299","18358","6715","11025","50657","1544","33885","260944","0","190",184.3,"217.7"
"2020-05-12","419","314","152125","18462","6329","11460","50798","1458","34031","262474","0","146",163.7,"201.7"
"2020-05-13","341","294","158900","18410","5932","11617","50929","1398","34170","263939","0","139",158.3,"186.1"
"2020-05-14","156","269","162613","3130","5530","11901","51046","1270","34288","265490","0","118",134.3,"169.1"
"2020-05-15","170","299","166468","3119","5196","12328","51166","1367","34414","266884","0","126",127.7,"154.6"
"2020-05-16","138","250","171180","3110","4993","12405","51250","1328","34508","267639","0","94",112.7,"138.3"
"2020-05-17","135","139","174276","3088","4932","12445","51318","1315","34579","268029","0","71",97,"126.3"
"2020-05-18","53","290","178764","3036","4773","12454","51389","1277","34676","268567","0","97",87.3,"113"
"2020-05-19","48","328","182968","1801","4413","12454","51498","1201","34754","263999","0","78",82,"103.3"
"2020-05-20","58","351","187395","1591","4129","12468","51469","1141","34866","257256","0","112",95.7,"99.4"
"2020-05-21","68","421","178107","1551","3821","3","45002","755","34932","258131","0","66",85.3,"92"
"2020-05-22","72","388","181838","1521","3544","4","45066","688","35029","258780","0","97",91.7,"87.9"
"2020-05-23","76","170","183752","1495","3343","3","45130","689","35112","259116","0","83",82,"86.3"
"2020-05-24","65","179","185119","1494","3291","1","45183","671","35179","260030","0","67",82.3,"85.7"
"2020-05-25","40","246","187450","1442","3218","4","45244","652","35249","260431","0","70",73.3,"81.9"
"2020-05-26","37","70","190993","371","3048","9","45308","614","35328","261043","0","79",72,"82"
"2020-05-27","47","244","194387","354","2847","4","45374","579","35382","268185","0","54",67.7,"73.7"
"2020-05-28","57","303","196890","136","2676","2","45436","516","35449","269754","0","67",66.7,"73.9"
"2020-05-29","78","344","200137","312","2498","1","45486","506","35504","270923","0","55",58.7,"67.9"
"2020-05-30","66","189","201970","300","2427","2","45536","507","35584","271555","0","80",67.3,"67.4"
"2020-05-31","59","109","202947","292","2418","5","45565","513","35632","271957","0","48",61,"64.7"
"2020-06-01","52","141","204749","276","2322","3","45602","504","35671","272676","0","39",55.7,"60.3"
"2020-06-02","25","204","209026","364","2129","4","45660","476","35699","273762","0","28",38.3,"53"
"2020-06-03","37","207","211789","354","1924","3","45696","433","35777","274715","0","78",48.3,"56.4"
"2020-06-04","58","210","214737","354","1803","0","45715","407","36480","287059","0","703",269.7,"147.3"
"2020-06-05","35","257","217445","318","1657","1","45743","397","36527","288231","0","47",276,"146.1"
"2020-06-06","68","138","219329","320","1613","1","45767","389","36567","288754","0","40",263.3,"140.4"
"2020-06-07","59","109","220375","317","1621","1","45783","400","36601","289575","0","34",40.3,"138.4"
"2020-06-08","22","194","222647","1045","1577","3","45799","379","36630","290317","0","29",34.3,"137"
"2020-06-09","22","199","226098","980","1496","6","45832","333","36673","291145","0","43",35.3,"139.1"
"2020-06-10","32","208","229948","945","1415","1","45854","338","36709","292029","0","36",36,"133.1"
"2020-06-11","35","173","233215","915","1289","4","45876","317","36748","292939","0","39",39.3,"38.3"
"2020-06-12","43","191","237120","271","1198","4","45897","306","36763","293897","0","15",30,"33.7"
"2020-06-13","4","87","241096","275","1183","1","45915","273","36779","294301","0","16",23.3,"30.3"
"2020-06-14","2","121","243905","272","1174","1","45926","270","36802","294481","0","23",18,"28.7"
"2020-06-15","11","138","247370","847","1162","1","45942","287","36851","295230","0","49",29.3,"31.6"
"2020-06-16","15","37","251113","243","1135","1","45963","274","36872","295963","0","21",31,"28.4"
"2020-06-17","62","52","255084","235","1059","3","45977","266","36896","296734","0","24",31.3,"26.7"
"2020-06-18","32","197","257847","764","1021","2","45993","249","36942","297646","0","46",30.3,"27.7"
"2020-06-19","32","159","261250","208","976","2","46018","226","36962","298538","0","20",30,"28.4"
"2020-06-20","36","145","263862","216","959","2","46034","227","36991","298978","0","29",31.7,"30.3"
"2020-06-21","17","103","265333","219","973","1","46044","224","37002","299269","0","11",20,"28.6"
"2020-06-22","19","174","268232","802","953","5","46063","199","37032","299805","0","30",23.3,"25.9"
"2020-06-23","21","207","271656","822","905","3","46070","199","37053","300455","0","21",20.7,"25.9"
"2020-06-24","39","148","276042","57","901","2","46107","197","37071","301203","0","18",23,"25"
"2020-06-25","34","248","279187","861","827","2","46121","193","37089","302171","0","18",19,"21"
"2020-06-26","22","318","282595","193","799","0","46148","189","37113","303159","0","24",20,"21.6"
"2020-06-27","26","67","284934","49","809","1","46165","173","37127","303637","0","14",18.7,"19.4"
"2020-06-28","18","75","286571","48","835","0","46179","145","37146","303917","0","19",19,"20.6"
"2020-06-29","18","34","289171","182","797","0","46197","160","37161","304540","0","15",16,"18.4"
"2020-06-30","21","296","292304","187","792","1","46211","169","37184","305480","0","23",19,"18.7"
"2020-07-01","27","322","295884","185","749","0","46223","161","37222","306468","0","38",25.3,"21.6"
"2020-07-02","27","304","298841","969","700","0","46233","151","37237","307352","0","15",25.3,"21.1"
"2020-07-03","26","375","301363","181","688","2","0","88","37254","308383","0","17",23.3,"20.1"
"2020-07-04","18","159","303720","39","710","3","0","65","37266","308883","0","12",14.7,"19.9"
"2020-07-05","4","207","304951","819","732","2","46266","107","37279","309191","0","13",14,"19"
"2020-07-06","4","472","307567","1013","721","2","46279","141","37308","310076","0","29",18,"21"
"2020-07-07","26","562","312100","993","691","0","46289","128","37332","311304","0","24",22,"21.1"
"2020-07-08","20","619","316228","1067","696","0","46301","124","37345","312614","0","13",22,"17.6"
"2020-07-09","42","683","319676","1127","664","2","46307","124","37363","314038","0","18",18.3,"18"
"2020-07-10","67","739","323096","181","658","1","0","83","37375","315656","0","12",14.3,"17.3"
"2020-07-11","30","442","326195","47","689","1","0","63","37383","316479","0","8",12.7,"16.7"
"2020-07-12","18","291","328165","1047","714","0","46333","97","37401","316986","0","18",12.7,"17.4"
"2020-07-13","19","993","330135","1224","725","3","46358","124","37420","318672","0","19",15,"16"
"2020-07-14","54","1040","333901","1312","769","6","46385","124","37430","320801","0","10",15.7,"14"
"2020-07-15","31","1309","338326","1553","754","3","46409","123","37451","323160","0","21",16.7,"15.1"
"2020-07-16","51","1394","343940","160","755","2","43790","120","37462","325588","0","11",14,"14.1"
"2020-07-17","26","1554","348937","280","800","2","0","100","37490","330036","3251","28",20,"16.4"
"2020-07-18","73","1053","354684","195","849","5","0","73","37500","331569","3252","10",16.3,"16.7"
"2020-07-19","77","922","358244","2687","894","1","46523","99","37509","332767","3259","9",15.7,"15.4"
"2020-07-20","18","1879","361926","3005","915","4","46557","135","37529","335474","3611","20",13,"15.6"
"2020-07-21","79","1883","366837","3312","955","3","46592","141","37557","338442","3611","28",19,"18.1"
"2020-07-22","36","1850","371972","3730","953","7","46634","152","37571","341380","3618","14",20.7,"17.1"
"2020-07-23","41","1802","376396","4047","1006","2","46681","150","37585","344277","3629","14",18.7,"17.6"
"2020-07-24","47","1911","380602","544","1029","5","0","143","37613","347589","3629","28",18.7,"17.6"
"2020-07-25","56","1056","448339","544","1092","63418","0","109","37632","349321","3632","19",20.3,"18.9"
"2020-07-26","13","1052","450879","4842","1154","63424","46838","127","37654","350715","345","22",23,"20.7"
"2020-07-27","51","2177","391607","5298","1254","5","46920","195","37671","353654","345","17",19.3,"20.3"
"2020-07-28","124","1989","459965","6186","1343","63516","46998","205","37700","357006","3634","29",22.7,"20.4"
"2020-07-29","81","1998","464352","6527","1387","63605","47074","203","37725","360310","3639","25",23.7,"22"
"2020-07-30","157","2272","469341","896","1444","63668","44027","204","37746","364235","3639","21",25,"23"
"2020-07-31","253","2153","409545","1045","1489","6","0","182","37776","368475","3664","30",25.3,"23.3"
"2020-08-01","147","1448","412560","148","1557","6","0","156","37792","371517","345","16",22.3,"22.9"
"2020-08-02","62","1217","415036","8543","1706","9","47429","169","37825","373259","345","33",26.3,"24.4"
"2020-08-03","168","2468","483115","9820","1948","63786","47536","244","37848","376933","3760","23",24,"25.3"
"2020-08-04","339","2421","488530","10378","1989","63842","47643","258","37881","381519","3546","33",29.7,"25.9"
"2020-08-05","286","2389","494152","10730","1992","63845","47760","260","37904","385969","3779","23",26.3,"25.6"
"2020-08-06","418","2747","500141","11437","2013","63913","47872","275","37941","391067","3686","37",31,"27.9"
"2020-08-07","452","2954","505845","2033","2047","63951","0","223","37970","397061","3480","29",29.7,"27.7"
"2020-08-08","297","1690","512492","373","2067","64018","0","202","37991","400278","347","21",29,"28.4"
"2020-08-09","104","1340","517161","11228","2276","64016","48227","287","38050","402600","126","59",36.3,"32.1"
"2020-08-10","366","3365","458431","12334","2373","17","48364","319","38100","407325","347","50",43.3,"36"
"2020-08-11","953","2765","529811","13766","2467","64081","48507","336","38147","413814","3811","47",52,"38"
"2020-08-12","645","3083","536481","14217","2583","64138","48699","359","38193","420073","3884","46",47.7,"41.3"
"2020-08-13","689","3324","543146","15086","2674","64198","48886","365","38231","427064","3938","38",43.7,"41.4"
"2020-08-14","644","3634","551427","3991","2761","64235","0","299","38258","435221","3963","27",37,"41.1"
"2020-08-15","549","2078","559208","996","2802","64277","0","262","38278","439640","353","20",28.3,"41"
"2020-08-16","209","1428","563303","1357","3130","64278","45428","372","38316","442220","353","38",28.3,"38"
"2020-08-17","496","3669","568972","16765","3390","64309","49583","458","38373","448138","4149","57",38.3,"39"
"2020-08-18","1082","3333","576946","16997","3555","64368","49830","474","38418","456591","4206","45",46.7,"38.7"
"2020-08-19","833","3477","584054","15411","3714","64462","50055","486","38468","465279","359","50",50.7,"39.3"
"2020-08-20","903","3815","593234","3656","3829","64532","46172","501","38515","473978","363","47",47.3,"40.6"
"2020-08-21","1104","3974","600209","3996","3820","64575","0","386","38541","484325","367","26",41,"40.4"
"2020-08-22","755","2664","607639","2430","3844","64593","0","326","38568","490109","367","27",33.3,"41.4"
"2020-08-23","451","1419","612350","14164","4200","64584","50916","507","38665","493324","369","97",50,"49.9"
"2020-08-24","1108","4395","618086","15454","4583","64651","51245","597","38730","500598","372","65",63,"51"
"2020-08-25","2270","5068","626494","15919","4738","64708","51544","635","38785","512037","376","55",72.3,"52.4"
"2020-08-26","1505","4645","635296","16041","4838","64769","51818","648","38847","522404","384","62",60.7,"54.1"
"2020-08-27","1758","4380","644586","5882","4948","64898","47731","684","38899","532691","386","52",56.3,"54.9"
"2020-08-28","1435","4571","654615","5990","5008","64933","0","504","38950","544390","392","51",55,"58.4"
"2020-08-29","1240","2728","661868","3800","5067","64926","0","430","38991","550468","397","41",48,"60.4"
"2020-08-30","1262","1628","667796","13719","5437","64913","52871","663","39075","554753","403","84",58.7,"58.6"
"2020-08-31","1534","5609","675124","16396","5736","65101","53130","795","39137","563668","411","62",62.3,"58.1"
"2020-09-01","1340","4102","684088","15335","5769","65193","53420","802","39239","574266","421","102",82.7,"64.9"
"2020-09-02","1732","4129","693331","15478","5820","65286","53728","837","39311","584640","428","72",78.7,"66.3"
"2020-09-03","1652","4566","703276","15425","5958","65381","54057","896","39402","595448","435","91",88.3,"71.9"
"2020-09-04","1794","4918","713090","6917","6042","65373","0","676","39468","608155","459","66",76.3,"74"
"2020-09-05","1384","2923","720296","4911","6108","65375","0","529","39512","615225","468","44",67,"74.4"
"2020-09-06","1072","1541","726486","13758","6597","65366","54864","815","39615","619692","471","103",71,"77.1"
"2020-09-07","1310","5342","733365","15277","6848","65409","55172","1026","39710","628680","499","95",80.7,"81.9"
"2020-09-08","1691","4340","743359","15219","6955","65518","55510","1050","39808","640583","506","98",98.7,"81.3"
"2020-09-09","1619","4608","751858","15268","7071","65630","55849","1056","39894","652339","507","86",93,"83.3"
"2020-09-10","1837","4744","760905","14986","7148","65747","56213","1074","39906","664390","515","12",65.3,"72"
"2020-09-11","1940","4487","771041","6736","7208","65922","0","782","40071","678087","528","165",87.7,"86.1"
"2020-09-12","2254","3056","778686","4810","7270","65925","0","670","40119","685952","547","48",75,"86.7"
"2020-09-13","1689","2120","784710","13766","7865","65945","57242","1033","40271","691563","562","152",121.7,"93.7"
"2020-09-14","1516","5474","791518","13385","8020","66044","57645","1033","40400","701958","567","129",109.7,"98.6"
"2020-09-15","1753","4413","801476","13170","8179","66241","58163","1062","40517","715109","578","117",132.7,"101.3"
"2020-09-16","1906","4415","812843","12945","8326","66490","58606","1211","40646","727776","582","129",125,"107.4"
"2020-09-17","1964","4761","822587","13077","8372","67055","59058","1242","40798","741215","587","152",132.7,"127.4"
"2020-09-18","2332","4972","832816","4234","8379","67342","0","837","40867","757381","626","69",116.7,"113.7"
"2020-09-19","2348","2798","842191","4291","8407","67339","0","727","40932","765411","643","65",95.3,"116.1"
"2020-09-20","1298","1915","849545","13509","8885","67374","60159","1165","41106","770315","666","174",102.7,"119.3"
"2020-09-21","1288","5762","858309","13190","8972","67630","60572","1183","41253","781501","742","147",128.7,"121.9"
"2020-09-22","1820","4156","868317","12965","9046","67874","61087","1353","41401","794281","781","148",156.3,"126.3"
"2020-09-23","1709","4324","879417","12803","9050","68163","61533","1347","41533","806644","794","132",142.3,"126.7"
"2020-09-24","2381","4217","888744","6663","9125","68357","56558","1353","41672","818897","831","139",139.7,"124.9"
"2020-09-25","2118","4559","898221","3917","9104","68604","0","925","41764","832644","846","92",121,"128.1"
"2020-09-26","1981","2857","907922","4050","9116","68602","0","795","41821","840185","875","57",96,"127"
"2020-09-27","1566","1789","920760","13538","9361","68621","63033","1277","42037","844760","885","216",121.7,"133"
"2020-09-28","991","5125","928318","15659","9338","68810","63453","1453","42200","854045","966","163",145.3,"135.3"
"2020-09-29","1695","4236","938232","15470","9090","68988","63891","1443","42372","865534","1062","172",183.7,"138.7"
"2020-09-30","1601","4045","949463","15190","8830","69250","64269","1460","42542","875737","1113","170",168.3,"144.1"
"2020-10-01","1833","4617","957555","6222","8978","69399","58927","1479","42692","886600","1180","150",164,"145.7"
"2020-10-02","1941","4668","965997","3571","8870","69615","0","956","42786","898774","1213","94",138,"146"
"2020-10-03","2076","2630","974627","3660","8882","69617","0","841","42846","905980","1225","60",101.3,"146.4"
"2020-10-04","1288","1866","980011","6071","9165","69623","59757","1339","43018","910646","1234","172",108.7,"140.1"
"2020-10-05","1071","5464","987536","3468","9231","69743","60048","1480","43189","920303","1266","171",134.3,"141.3"
"2020-10-06","1710","4523","997704","5788","9028","69887","60393","1458","43360","931185","1283","171",171.3,"141.1"
"2020-10-07","1706","5080","1008123","14711","8858","69990","66632","1447","43490","943457","1325","130",157.3,"135.4"
"2020-10-08","1835","5833","1017819","5863","8812","70192","60995","1466","43633","956103","1364","143",148,"134.4"
"2020-10-09","2176","6406","1028201","3442","8779","70316","0","991","43761","969812","1391","128",133.7,"139.3"
"2020-10-10","2108","3196","1038144","3507","8807","70296","0","830","43856","977718","1416","95",122,"144.3"
"2020-10-11","1888","2951","1045017","3582","9110","70305","0","862","43923","984324","1447","67",96.7,"129.3"
"2020-10-12","1448","3967","1051788","6190","9496","70307","61993","1442","44146","991741","1454","223",128.3,"136.7"
"2020-10-13","1261","7690","1059507","6035","9760","70577","62313","1517","44357","1004800","1480","211",167,"142.4"
"2020-10-14","2126","7234","1070537","6162","9758","70719","62629","1533","44512","1018986","1526","155",196.3,"146"
"2020-10-15","3139","7149","1082040","6168","9857","70964","62926","1562","44668","1033885","1553","156",174,"147.9"
"2020-10-16","3375","7751","1093039","3590","9874","71114","0","1116","44815","1050796","1568","147",152.7,"150.6"
"2020-10-17","3802","4440","1105109","3886","10090","71099","0","954","44917","1061483","1591","102",135,"151.6"
"2020-10-18","2132","3897","1112950","3978","10607","71099","63663","1478","45105","1071014","1611","188",145.7,"168.9"
"2020-10-19","2312","10165","1122029","6694","11023","71341","63932","1712","45315","1087800","1650","210",166.7,"167"
"2020-10-20","4758","7924","1132800","6861","11239","71509","64259","1744","45525","1103915","1691","210",202.7,"166.9"
"2020-10-21","4430","9036","1146455","19215","11622","71692","71293","1801","45702","1118934","1793","177",199,"170"
"2020-10-22","6817","7472","1160805","7407","12050","72108","64869","1844","45947","1139276","1813","245",210.7,"182.7"
"2020-10-23","7708","7196","1174859","4662","12426","72522","0","1376","46141","1163263","1872","194",205.3,"189.4"
"2020-10-24","7500","3631","1185721","4881","12750","72508","0","1384","46273","1176873","1907","132",190.3,"193.7"
"2020-10-25","4396","2862","1196070","7913","13393","72528","65556","1842","46505","1187751","1934","232",186,"200"
"2020-10-26","4820","7617.266","1208189","4859","13867","72758","65811","2097","46753","1213665","1958","248",204,"205.4"
"2020-10-27","6621","6597","1223926","8106","14021","73001","66083","2162","47009","1232886","2026","256",245.3,"212"
"2020-10-28","7103","7086","1241299","25683","14249","73199","66383","2228","47259","1261284","2087","250",251.3,"222.4"
"2020-10-29","7956","6225","1257751","5134","14554","73420","66608","2299","47515","1284446","2145","256",254,"224"
"2020-10-30","8330","6245","1274397","5201","14579","73595","66874","2377","47794","1309415","2212","279",261.7,"236.1"
"2020-10-31","7363","4100","1286553","5440","14942","73575","67080","2249","48057","1328070","2250","263",266,"254.9"
"2020-11-01","4453","3344","1299013","5410","15721","73579","67243","2326","48294","1343256","2319","237",259.7,"255.6"
"2020-11-02","4498","5271","1311015","8951","16342","73725","67433","2570","48608","1360961","2412","314",271.3,"265"
"2020-11-03","6879","5382","1326940","5335","16635","74042","67701","2567","48955","1381503","2511","347",299.3,"278"
"2020-11-04","7731","5427","1341875","30269","16811","74309","67989","2609","49300","1401418","2559","345",335.3,"291.6"
"2020-11-05","7477","5441","1358783","9506","16649","74525","68220","2629","49663","1421762","2622","363",351.7,"306.9"
"2020-11-06","8023","4802","1373545","5831","16284","74885","68439","2695","50027","1442918","2775","364",357.3,"319"
"2020-11-07","8048","3022","1385636","6095","16334","74917","68575","2756","50318","1460501","2810","291",339.3,"323"
"2020-11-08","4227","2473","1397675","9949","16987","74882","68731","2565","50588","1472289","2866","270",308.3,"327.7"
"2020-11-09","5301","3444","1411995","9718","17439","75217","68922","2843","50900","1487732","2994","312",291,"327.4"
"2020-11-10","8327","4179","1430181","9695","17372","75539","69170","2872","51314","1506346","3125","414",332,"337"
"2020-11-11","7752","4276","1446855","28618","17217","75865","69427","2865","51689","1524675","3281","375",367,"341.3"
"2020-11-12","8101","4115","1464146","9541","17148","76079","69647","2928","52046","1544063","3385","357",382,"340.4"
"2020-11-13","7533","4009","1479796","4971","16545","76553","69854","2916","52425","1562541","3920","379",370.3,"342.6"
"2020-11-14","6293","2565","1493133","5022","16380","76516","70028","2884","52692","1576429","3971","267",334.3,"339.1"
"2020-11-15","2749","1596","1503460","8851","16756","76528","70149","2622","52958","1585243","4115","266",304,"338.6"
"2020-11-16","3561","2824","1514583","8452","16967","77045","70346","2950","53258","1597937","4244","300",277.7,"336.9"
"2020-11-17","5814","3114","1530150","8207","16530","77680","70538","2930","53678","1611352","4367","420",328.7,"337.7"
"2020-11-18","6076","3114","1545470","22571","15980","78084","78474","2908","54037","1625923","4453","359",359.7,"335.4"
"2020-11-19","6384","2817","1560428","21734","15369","78651","78689","2868","54380","1640906","4550","343",374,"333.4"
"2020-11-20","5629","2540","1573994","17123","14668","79046","78854","2339","54740","1654838","4600","360",354,"330.7"
"2020-11-21","4620","1776","1583756","15358","14169","79039","78983","2786","54987","1665782","4639","247",316.7,"327.9"
"2020-11-22","1994","1343","1591057","20090","14388","79046","79104","2518","55189","1672334","4699","202",269.7,"318.7"
"2020-11-23","2875","1782","1601133","16017","14261","79477","79290","2766","55543","1680483","4815","354",267.7,"326.4"
"2020-11-24","4784","2322","1613989","15212","13627","80025","79508","2699","55863","1691842","4928","320",292,"312.1"
"2020-11-25","3953","2188","1625272","14193","12985","80438","71669","2644","56201","1701291","5038","338",337.3,"309.1"
"2020-11-26","4148","2303","1636787","13412","12440","80714","79850","2627","56521","1713232","5137","320",326,"305.9"
"2020-11-27","3806","2127","1648721","12626","11794","81034","80024","2558","56826","1723493","5313","305",321,"298"
"2020-11-28","3267","1361","1657982","11415","11571","80998","80164","2523","57062","1731404","5362","236",287,"296.4"
"2020-11-29","1570","1305","1664471","16164","11799","81018","80280","2211","57263","1736383","5374","201",247.3,"296.3"
"2020-11-30","1861","1523","1673470","15631","11817","81342","80494","2468","57488","1742519","5472","225",220.7,"277.9"
"2020-12-01","3889","1945","1682673","15149","11318","81607","80691","2415","57815","1750594","5562","327",251,"278.9"
"2020-12-02","3667","2228","1692568","14785","10807","81837","80858","2349","58096","1760868","5601","281",277.7,"270.7"
"2020-12-03","3799","1921","1702755","14507","10466","81969","80974","2299","58405","1769933","5627","309",305.7,"269.1"
"2020-12-04","3337","1873","1711072","10015","9953","82237","81152","2235","58647","1778249","5717","242",277.3,"260.1"
"2020-12-05","1857","1043","1718074","9898","9661","82236","81243","1856","58834","1783410","5736","187",246,"253.1"
"2020-12-06","1127","667","1723312","9836","9763","82257","81370","1844","58993","1786857","5786","159",196,"247.1"
"2020-12-07","3403","2480","1729942","9423","9735","82288","81491","2122","59217","1795001","5807","224",190,"247"
"2020-12-08","1159","796","1738188","13216","9853","82279","81626","1783","59388","1798346","5842","171",184.7,"224.7"
"2020-12-09","2970","2141","1745170","12375","9749","82510","81814","2067","59659","1806736","5976","271",222,"223.3"
"2020-12-10","3875","2005","1756015","13025","9571","82710","82002","2011","59955","1816102","6054","296",246,"221.4"
"2020-12-11","3914","2146","1765020","8300","9237","82930","82222","1991","60182","1826348","6103","227",264.7,"219.3"
"2020-12-12","1921","1187","1772750","8610","9078","82934","82329","1662","60328","1832076","6129","146",223,"213.4"
"2020-12-13","1160","966","1778324","13832","9331","82960","82438","1656","60438","1836442","6194","110",161,"206.4"
"2020-12-14","3558","2954","1787376","13650","9459","83171","82640","1929","60687","1847026","6237","249",168.3,"210"
"2020-12-15","4983","2484","1801235","13589","9272","83885","82852","1888","60989","1858127","6286","302",220.3,"228.7"
"2020-12-16","4084","2648","1813448","13648","9179","83504","83034","1836","61220","1869031","6327","231",260.7,"223"
"2020-12-17","3996","2773","1826410","13725","9012","83685","83239","1812","61408","1879694","6339","188",240.3,"207.6"
"2020-12-18","4032","2518","1839453","8127","8786","83827","83459","1792","61651","1890532","6365","243",220.7,"209.9"
"2020-12-19","3573","1418","1849566","8294","8761","83817","83600","1504","61823","1898104","6366","172",201,"213.6"
"2020-12-20","1028","1023","1855058","14677","8993","83819","83749","1520","61979","1902589","6371","156",190.3,"220.1"
"2020-12-21","1967","3146","1862969","14529","9325","84103","83995","1793","62194","1912108","6411","215",181,"215.3"
"2020-12-22","4315","2515","1872735","14569","9181","84275","84216","1751","62418","1923022","6484","224",198.3,"204.1"
"2020-12-23","4489","3288","1882479","7716","8807","84480","84409","1768","62569","1936122","6517","151",196.7,"192.7"
"2020-12-24","4312","1737","1889844","7829","8629","84488","8671","897","62680","1946090","6526","111",162,"181.7"
"2020-12-25","1020","756","1893536","7643","8674","84478","84711","1349","62823","1949209","4114","143",135,"167.4"
"2020-12-26","2099","1012","1897929","7637","9031","84497","84852","1742","62982","1955996","6531","159",137.7,"165.6"
"2020-12-27","1211","753","1902770","14718","9245","84516","85010","1444","63120","1960844","6540","138",146.7,"163"
"2020-12-28","3604","4545","1909534","15054","9587","84675","85270","1864","63439","1975128","6590","319",205.3,"177.9"
"2020-12-29","6534","3103","1918361","15416","9629","84866","85581","1868","63695","1993528","6645","256",237.7,"182.4"
"2020-12-30","5990","3686","1926893","8273","9375","85049","88156","1861","63930","2011520","6671","235",270,"194.4"
"2020-12-31","5746","2582","1934006","8579","9213","85058","11139","1260","64079","2023628","6675","149",213.3,"199.9"
"2021-01-01","1620","923","1938177","8500","9375","85078","86201","1393","64206","2029553","6677","127",170.3,"197.6"
"2021-01-02","3299","1301","1943031","7740","9904","85101","86425","1839","64353","2039484","4247","147",141,"195.9"
"2021-01-03","2198","1058","1948367","17755","10359","85120","86705","1485","64498","2047740","6688","145",139.7,"196.9"
"2021-01-04","5052","6481","1955359","16695","10932","85339","87088","2036","64770","2068494","6711","272",188,"190.1"
"2021-01-05","8573","4497","1965624","9336","10965","85567","8986","1662","65031","2093107","6726","261",226,"190.9"
"2021-01-06","3858","2897","1972873","18262","11279","85566","87746","1592","65223","2106099","6730","192",241.7,"184.7"
"2021-01-07","8297","4372","1980620","18441","11865","85823","90509","2123","65473","2130382","6766","250",234.3,"199.1"
"2021-01-08","10228","5568","1990383","10642","12287","86099","88463","2133","65759","2156531","6799","286",242.7,"221.9"
"2021-01-09","11406","2267","2000447","11327","12547","86078","91067","2112","65987","2176161","6807","228",254.7,"233.4"
"2021-01-10","5237","1873","2011180","20754","12990","86113","88824","1822","66173","2186916","6816","186",233.3,"239.3"
"2021-01-11","7792","8244","2023723","20999","14021","86426","91600","2361","66477","2216843","6858","304",239.3,"243.9"
"2021-01-12","11989","5477","2038601","22093","14576","86660","92069","2433","66813","2244626","6941","336",275.3,"254.6"
"2021-01-13","12518","6049","2051847","23523","15091","86909","92610","2519","67100","2277426","6967","287",309,"268.1"
"2021-01-14","13884","6665","2065376","24812","15768","87190","93143","2628","67386","2312383","7002","286",303,"273.3"
"2021-01-15","15698","6393","2076828","15462","16225","87411","93666","2721","67704","2350385","7030","318",297,"277.9"
"2021-01-16","15146","2664","2086787","16378","17235","87415","91621","2685","67951","2377923","7039","247",283.7,"280.6"
"2021-01-17","7808","1932","2094750","26713","18530","87442","92050","2807","68200","2396695","7078","249",271.3,"289.6"
"2021-01-18","8874","10530","2105825","26838","19864","87804","95194","3063","68646","2430805","7118","446",314,"309.9"
"2021-01-19","15975","5641","2119910","17597","20859","88116","95867","3170","69093","2466895","7165","447",380.7,"325.7"
"2021-01-20","18366","6318","2133976","28162","21550","88519","96588","3322","69564","2507960","7197","471",454.7,"352"
"2021-01-21","16701","6557","2147472","19087","22489","88854","97266","3437","70038","2547590","7241","474",464,"378.9"
"2021-01-22","16773","6912","2161445","20097","22948","89212","97948","3595","70533","2589683","7325","495",480,"404.1"
"2021-01-23","13418","2556","2172141","20789","23852","89216","95698","3536","70925","2616972","7359","392",453.7,"424.9"
"2021-01-24","10220","1856","2181695","21119","24906","89271","96218","3629","71270","2638984","7385","345",410.7,"438.6"
"2021-01-25","13664","9805","2195980","20413","25899","89879","99465","3950","71823","2677032","4733","553",430,"453.9"
"2021-01-26","17364","5418","2212405","30985","25989","90470","100123","4047","72368","2714830","7544","545",481,"467.9"
"2021-01-27","16797","6045","2228341","30600","25970","90913","100773","4142","72956","2752264","7582","588",562,"484.6"
"2021-01-28","14142","5959","2246110","30139","26016","91389","101365","4228","73482","2784980","4843","526",553,"492"
"2021-01-29","14136","5300","2260834","21923","25662","91858","101968","4351","74037","2820333","4895","555",556.3,"500.6"
"2021-01-30","13336","1892","2272963","22215","25918","91922","99553","4161","74520","2846464","4954","483",521.3,"513.6"
"2021-01-31","7392","1571","2284623","29687","26810","91929","99880","4222","74929","2865487","4977","409",482.3,"522.7"
"2021-02-01","10545","7320","2298357","29002","26965","92506","103274","4494","75475","2895097","5029","546",479.3,"521.7"
"2021-02-02","13133","4063","2315571","28705","26277","93146","103916","4462","76063","2922983","5084","588",514.3,"527.9"
"2021-02-03","9988","4265","2331191","20664","25443","93669","104440","4471","76579","2948409","5197","516",550,"517.6"
"2021-02-04","9247","2690","2347085","27621","24890","94088","104964","4251","77098","2972922","5245","519",541,"516.6"
"2021-02-05","10270","3316","2362803","19946","23866","94504","105480","4402","77691","2998931","5269","593",542.7,"522"
"2021-02-06","6199","1177","2372929","19668","23058","94499","102814","4156","78122","3016674","5311","431",514.3,"514.6"
"2021-02-07","4057","992","2383623","25919","23585","94491","103071","4140","78456","3026301","5344","334",452.7,"503.9"
"2021-02-08","4438","3914","2396378","18225","23019","94975","106558","4303","78926","3042617","5455","470",411.7,"493"
"2021-02-09","7314","2639","2410309","23480","21814","95477","107018","4267","79429","3059259","5522","503",435.7,"480.9"
"2021-02-10","5790","2586","2424671","22422","20731","95990","107370","4191","79928","3075047","5563","499",490.7,"478.4"
"2021-02-11","5614","2373","2438648","21508","19649","96385","107682","4110","80445","3090330","5610","517",506.3,"478.1"
"2021-02-12","4316","2105","2450185","15646","18395","96703","114811","4025","80914","3103811","5647","469",495,"460.4"
"2021-02-13","4318","943","2459112","15425","17745","96701","105249","3747","81304","3113705","5662","390",458.7,"454.6"
"2021-02-14","2515","743","2466693","14942","17856","96739","105411","3734","81522","3119983","5709","218",359,"438"
"2021-02-15","2036","2366","2476667","13808","17272","97170","108849","3878","81904","3129275","5788","382",330,"425.4"
"2021-02-16","3886","1831","2487971","17453","16093","97601","109137","3742","82340","3139464","5856","436",345.3,"415.9"
"2021-02-17","3370","1892","2499705","12203","15090","97999","109379","3649","82703","3149542","5931","363",393.7,"396.4"
"2021-02-18","4790","1802","2510217","15307","14163","98263","109650","3568","83094","3160949","5962","391",396.7,"378.4"
"2021-02-19","3418","1593","2520499","11031","13162","98797","109883","3442","83385","3171372","5993","291",348.3,"353"
"2021-02-20","2588","909","2526840","10941","12663","98826","106876","3204","83632","3177678","5996","247",309.7,"332.6"
"2021-02-21","1568","623","2533494","14251","12796","98825","96333","3178","83815","3181848","6065","183",240.3,"327.6"
"2021-02-22","1399","1951","2542853","13148","12513","99168","110424","3279","84034","3188515","6184","219",216.3,"304.3"
"2021-02-23","2315","1636","2552652","12517","11796","99422","110651","3132","84341","3195808","6233","307",236.3,"285.9"
"2021-02-24","1934","1620","2563065","11858","11161","99669","110837","3005","84657","3203208","6280","316",280.7,"279.1"
"2021-02-25","1964","1406","2570911","11472","10648","99923","111081","2911","84906","3209953","6360","249",290.7,"258.9"
"2021-02-26","1784","1230","2578846","8258","10059","100178","111248","2706","85143","3216564","6379","237",267.3,"251.1"
"2021-02-27","1555","732","2585505","8230","9835","100211","108232","2685","85352","3221074","6380","209",231.7,"245.7"
"2021-02-28","1001","497","2590661","8227","9897","100207","108392","2671","85502","3224215","6414","150",198.7,"241"
"2021-03-01","1502","1818","2599471","9870","9574","100517","111761","2705","85691","3230520","6456","189",182.7,"236.7"
"2021-03-02","1909","1365","2608022","9458","9353","100864","112000","2629","85854","3236225","6509","163",167.3,"216.1"
"2021-03-03","1576","1420","2617638","9097","8970","101071","112217","2545","86070","3241770","6562","216",189.3,"201.9"
"2021-03-04","1739","1364","2625044","8833","8606","101324","112400","2469","86238","3247810","6592","168",182.3,"190.3"
"2021-03-05","1517","1387","2632346","6725","8229","101516","112597","2427","86451","3254288","6609","213",199,"186.9"
"2021-03-06","1282","758","2638156","6318","8126","101550","109537","2313","86586","3258208","0","135",172,"176.3"
"2021-03-07","831","572","2643286","6750","8263","101547","109656","2087","86683","3261046","6625","97",148.3,"168.7"
"2021-03-08","1168","1514","2652060","8246","8134","101787","113070","2294","86840","3266115","6643","157",129.7,"164.1"
"2021-03-09","1483","1356","2660512","8112","7922","101946","113305","2213","87051","3271630","6662","211",155,"171"
"2021-03-10","1461","1413","2669424","8316","7672","102287","102460","2163","87243","3277434","6694","192",186.7,"167.6"
"2021-03-11","1583","1428","2676808","7948","7384","102390","113693","2102","87364","3283355","6710","121",174.7,"160.9"
"2021-03-12","1507","1474","2685184","6415","7156","102638","113855","2020","87494","3289287","6771","130",147.7,"149"
"2021-03-13","1245","733","2691172","6498","7176","102660","110818","1906","87590","3292831","6780","96",115.7,"143.4"
"2021-03-14","789","547","2696567","7806","7416","102679","110956","1744","87660","3295474","6795","70",98.7,"139.6"
"2021-03-15","1224","1860","2706079","7529","7243","102952","114334","1985","87772","3301070","6859","112",92.7,"133.1"
"2021-03-16","1557","1654","2715183","7470","6993","103187","114520","1916","87956","3306752","6882","184",122,"129.3"
"2021-03-17","1423","1603","2724336","7394","6812","103435","114708","1883","88100","3312737","6910","144",146.7,"122.4"
"2021-03-18","1631","1690","2733094","7423","6603","103590","114876","1882","88225","3319364","6935","125",151,"123"
"2021-03-19","1283","1544","2738482","6116","6516","103630","111857","1680","88310","3324025","6969","85",118,"116.6"
"2021-03-20","1155","848","2744650","6279","6619","103685","111972","1615","88434","3327877","6973","124",111.3,"120.6"
"2021-03-21","870","599","2750835","7527","6821","103711","112109","1612","88497","3330680","6994","63",90.7,"119.6"
"2021-03-22","1278","2028","2760630","6116","6804","103893","115518","1809","88592","3336820","7063","95",94,"117.1"
"2021-03-23","1463","1907","2774123","7398","6731","105575","115714","1778","88718","3343491","7109","126",94.7,"108.9"
"2021-03-24","1735","1940","2782785","6226","6678","104264","115951","1727","88833","3350704","7138","115",112,"104.7"
"2021-03-25","1588","1992","2793002","7499","6627","104431","116166","1724","88916","3357889","7171","83",108,"98.7"
"2021-03-26","1704","1955","2803396","6228","6480","104604","116364","1714","89006","3365586","7203","90",96,"99.4"
"2021-03-27","1375","983","2811470","6316","6656","104608","113354","1551","89081","3370288","7206","75",82.7,"92.4"
"2021-03-28","1123","837","2817141","7707","6863","104629","113496","1557","89147","3373948","7230","66",77,"92.9"
"2021-03-29","1387","2355","2826208","7444","6968","104820","116950","1731","89260","3381108","7310","113",84.7,"95.4"
"2021-03-30","1821","2042","2834587","7618","6894","104979","117215","1709","89357","3387967","7327","97",92,"91.3"
"2021-03-31","1991","2131","2843530","6331","6791","105176","117453","1460","89456","3397192","7374","99",103,"89"
"2021-04-01","1861","1861","2849807","6459","6878","105212","114460","1442","89536","3402166","7380","80",92,"88.6"
"2021-04-02","1404","954","2855239","6364","7163","105235","114634","1548","89605","3405447","7391","69",82.7,"85.6"
"2021-04-03","1464","1416","2861785","6491","7429","105278","118058","1503","89693","3413660","7392","88",79,"87.4"
"2021-04-04","1396","924","2868331","6642","7800","105312","115043","1609","89737","3417021","7413","44",67,"84.3"
"2021-04-05","1622","1296","2874513","7877","8045","105426","118560","1750","89847","3424196","7443","110",80.7,"83.9"
"2021-04-06","2161","2344","2883868","8789","8123","105550","118878","1867","89964","3433717","7471","117",90.3,"86.7"
"2021-04-07","2307","2579","2895026","8317","8121","105669","119165","1879","90098","3443675","7515","134",120.3,"91.7"
"2021-04-08","2665","2842","2905940","8614","8169","105883","119455","1889","90200","3454753","7532","102",117.7,"94.9"
"2021-04-09","2288","2501","2916389","7353","8061","106062","119756","1906","90291","3465388","7561","91",109,"98"
"2021-04-10","1881","1190","2925853","7615","8238","106046","116702","1486","90370","3471881","7567","79",90.7,"96.7"
"2021-04-11","1584","941","2932742","9067","8524","106073","116886","1804","90430","3477258","7589","60",76.7,"99"
"2021-04-12","1623","2947","2942203","9032","8573","106261","120459","1984","90536","3486299","7642","106",81.7,"98.4"
"2021-04-13","2402","2238","2953639","9262","8543","106409","120776","1990","90600","3494291","7661","64",76.7,"90.9"
"2021-04-14","2407","2315","2964583","9459","8474","106528","121109","1991","90701","3504637","7680","101",90.3,"86.1"
"2021-04-15","2626","2508","2974804","9684","8490","106676","121394","2011","90790","3514656","7731","89",84.7,"84.3"
"2021-04-16","2279","2320","2985382","8493","8350","106883","121720","2009","90876","3525080","7769","86",92,"83.6"
"2021-04-17","2044","1010","2993727","8692","8542","106900","118661","1897","90943","3531579","7771","67",80.7,"81.9"
"2021-04-18","1488","948","3001015","10147","8889","106914","118891","1908","90996","3534869","7786","53",68.7,"80.9"
"2021-04-19","1570","2768","3013452","9872","8960","107105","119242","2092","91094","3544500","7864","98",72.7,"79.7"
"2021-04-20","2490","2430","3026291","9916","8881","107237","119562","2103","91208","3554299","7899","114",88.3,"86.9"
"2021-04-21","2470","2400","3038937","9971","8742","107363","119871","2128","91324","3564198","7954","116",109.3,"89"
"2021-04-22","2418","2308","3049961","10186","8738","107500","120190","2136","91411","3573909","7981","87",105.7,"88.7"
"2021-04-23","2264","2349","3062305","8967","8393","107638","120448","2127","91520","3585023","8007","109",104,"92"
"2021-04-24","1713","1187","3071210","9016","8622","107638","120729","1995","91624","3590717","8008","104",100,"97.3"
"2021-04-25","1538","777","3080065","10400","8936","107659","120939","1996","91670","3592946","8029","46",86.3,"96.3"
"2021-04-26","1746","2864","3092752","10146","8900","107813","124246","2159","91764","3602464","8068","94",81.3,"95.7"
"2021-04-27","2246","2162","3105013","10063","8772","107945","109483","2165","91860","3611511","8107","96",78.7,"93.1"
"2021-04-28","2297","2210","3117139","8766","8636","108069","121786","2181","91952","3620498","8140","92",94,"89.7"
"2021-04-29","2242","2250","3128254","10122","8476","108180","114056","2169","92047","3629372","8155","95",94.3,"90.9"
"2021-04-30","2107","2027","3139749","8959","8188","108325","122360","2143","92118","3638148","8166","71",86,"85.4"
"2021-05-01","1592","791","3147925","9114","8343","108345","122605","1633","92179","3642743","8168","61",75.7,"79.3"
"2021-05-02","1151","781","3156311","10517","8414","108354","122762","1976","92225","3645363","8193","46",59.3,"79.3"
"2021-05-03","1496","2405","3167913","10141","8489","108512","122938","2156","92315","3652239","8315","90",65.7,"78.7"
"2021-05-04","1820","1698","3178976","10139","8061","108629","123267","2103","92428","3659031","8344","113",83,"81.1"
"2021-05-05","1790","1776","3190379","10150","7714","108739","123522","2078","92511","3666531","8379","83",95.3,"79.9"
"2021-05-06","1669","1659","3199825","10005","7571","108875","123756","2043","92592","3673766","8410","81",92.3,"77.9"
"2021-05-07","1662","1545","3209904","8511","7315","109018","0","1505","92647","3681092","8439","55",73,"75.6"
"2021-05-08","1310","654","3217216","8549","7217","109055","124150","1548","92720","3685162","8439","73",69.7,"77.3"
"2021-05-09","865","429","3224302","9763","7382","109095","124308","1862","92758","3687088","8462","38",55.3,"76.1"
"2021-05-10","1052","1740","3234235","9475","7168","109249","124540","1953","92823","3693229","8483","65",58.7,"72.6"
"2021-05-11","1465","1243","3244034","9324","6804","109363","124706","1902","92942","3698867","8514","119",74,"73.4"
"2021-05-12","1419","1353","3253810","9141","6486","109447","124907","1863","93024","3704700","8530","82",88.7,"73.3"
"2021-05-13","1324","1157","3262401","9019","6171","109546","125066","1802","93083","3710086","8549","59",86.7,"70.1"
"2021-05-14","1364","1095","3271459","7808","5868","109696","128329","1773","93145","3716027","8556","62",67.7,"71.1"
"2021-05-15","919","463","3277801","7780","5831","109706","125394","1642","93180","3719045","8557","35",52,"65.7"
"2021-05-16","707","480","3283971","8838","5962","109700","125504","1627","93208","3720706","8567","28",41.7,"64.3"
"2021-05-17","1216","1533","3293910","8328","5813","109846","125665","1727","93256","3726787","8605","48",37,"61.9"
"2021-05-18","1351","1020","3302912","8094","5540","109980","125847","1684","93318","3731809","8635","62",46,"53.7"
"2021-05-19","1456","1193","3311421","7976","5272","110101","125965","1641","93378","3737153","8648","60",56.7,"50.6"
"2021-05-20","1442","1069","3319243","7880","5046","110202","126096","1595","93419","3742556","8680","41",54.3,"48"
"2021-05-21","1333","1040","3327766","6621","4751","110352","126247","1557","93466","3748133","8698","47",49.3,"45.9"
"2021-05-22","1026","366","3333648","6620","4719","110351","126368","1430","93492","3751395","8698","26",38,"44.6"
"2021-05-23","623","380","3338894","7479","4821","110358","126443","1415","93517","3752787","8701","25",32.7,"44.1"
"2021-05-24","973","1156","3347737","5948","4725","110496","126625","1482","93566","3757802","8728","49",33.3,"44.3"
"2021-05-25","1245","960","3357478","6084","4514","110552","126766","1430","93600","3762597","8750","34",36,"40.3"
"2021-05-26","1256","1065","3365879","5958","4298","110665","126863","1399","93642","3767532","8757","42",41.7,"37.7"
"2021-05-27","1272","960","3373864","5822","4167","110752","126983","1356","93662","3772573","8767","20",32,"34.7"
"2021-05-28","1287","985","3381682","5726","3954","110854","127103","1331","93691","3777605","8774","29",30.3,"32.1"
"2021-05-29","924","466","3387696","5738","3989","110854","127207","1128","93716","3781034","8776","25",24.7,"32"
"2021-05-30","595","351","3393321","5732","4119","110866","127291","1117","93744","3782345","8784","28",27.3,"32.4"
"2021-05-31","1032","744","3402072","5478","4078","110945","127441","1167","93775","3787158","8813","31",28,"29.9"
"2021-06-01","1212","1334","3410525","5430","3917","111008","127551","1185","93820","3792118","8820","45",34.7,"31.4"
"2021-06-02","1194","881","3419710","5490","3725","111117","127625","1133","93866","3796795","8843","46",40.7,"32"
"2021-06-03","1282","681","3427660","5417","3599","111196","127720","1055","93908","3801355","8852","42",44.3,"35.1"
"2021-06-04","1204","1025","3435861","5270","3395","111288","127801","1075","93944","3806075","8863","36",41.3,"36.1"
"2021-06-05","683","299","3442105","5335","3395","111297","127876","740","93964","3808896","8863","20",32.7,"35.4"
"2021-06-06","501","356","3447278","5262","3463","111305","127939","934","93981","3809992","8869","17",24.3,"33.9"
"2021-06-07","826","1087","3455837","5107","3435","111425","128033","1033","94014","3814809","8883","33",23.3,"34.1"
"2021-06-08","1045","812","3463506","5027","3260","111523","128109","1001","94048","3818666","8896","34",28,"32.6"
"2021-06-09","1017","810","3471133","4930","3117","111529","128180","966","94067","3822551","8900","19",28.7,"28.7"
"2021-06-10","1042","857","3477951","4760","3056","111590","128250","941","94099","3826625","8965","32",28.3,"27.3"
"2021-06-11","973","798","3485139","4692","2838","111632","128327","889","94118","3830542","8977","19",23.3,"24.9"
"2021-06-12","898","315","3490422","4746","2824","111653","128365","759","94134","3833370","8979","16",22.3,"24.3"
"2021-06-13","438","346","3495154","4690","2930","111656","128431","762","94146","3834383","8991","12",15.7,"23.6"
"2021-06-14","690","947","3503227","4424","2894","111737","128475","866","94167","3838214","9009","21",16.3,"21.9"
"2021-06-15","905","841","3510509","4402","2733","111776","128530","830","94207","3841932","9025","40",24.3,"22.7"
"2021-06-16","977","769","3518262","4018","2603","111824","128598","780","94220","3845574","9032","13",24.7,"21.9"
"2021-06-17","954","871","3524516","4347","2477","111891","128655","753","94246","3849499","9045","26",26.3,"21"
"2021-06-18","1000","828","3530217","4262","2340","111978","128697","720","94261","3853369","9050","15",18,"20.4"
"2021-06-19","895","438","3535725","4317","2326","111981","128725","646","94273","3856294","9050","12",17.7,"19.9"
"2021-06-20","443","471","3539741","4426","2400","111982","128748","653","94287","3857468","9050","14",13.7,"20.1"
"2021-06-21","761","1068","3547292","4238","2353","112048","128784","713","94295","3861662","9056","8",11.3,"18.3"
"2021-06-22","1111","978","3554070","4209","2294","112105","128831","682","94331","3865672","9068","36",19.3,"17.7"
"2021-06-23","1047","1104","3560906","4251","2158","112156","128866","524","94345","3870069","9072","14",19.3,"17.9"
"2021-06-24","793","809","3566299","4242","2097","112242","128900","605","94356","3873895","9073","11",20.3,"15.7"
"2021-06-25","1659","1209","3572848","4267","2016","112317","128939","611","94363","3879583","9073","7",10.7,"14.6"
"2021-06-26","1057","651","3577511","4304","2026","112300","128955","531","94378","3883432","9073","15",11,"15"
"2021-06-27","543","750","3582337","4385","2088","112309","128978","543","94392","3885786","9075","14",12,"15"
"2021-06-28","1756","2475","3589080","4258","2118","112390","129016","595","94404","3894342","9095","12",13.7,"15.6"
"2021-06-29","1960","3012","3596384","4458","2029","112424","129031","578","94437","3903921","9095","33",19.7,"15.1"
"2021-06-30","2919","3522","3603983","4742","2029","112510","129094","565","94457","3916025","9102","20",21.7,"16"
"2021-07-01","3763","3821","3610683","5038","2009","112588","129105","546","94466","3929378","9108","9",20.7,"15.7"
"2021-07-02","3872","4277","3506602","5392","1983","71","129152","539","94481","3943215","9110","15",14.7,"16.9"
"2021-07-03","2306","2490","3511902","5795","2088","43","129186","449","94495","3951817","9113","14",12.7,"16.7"
"2021-07-04","2128","2060","3629795","5772","2152","112630","129204","459","94506","3958875","9113","11",13.3,"16.3"
"2021-07-05","4315","5133","3639921","6325","2311","112727","129251","578","94511","3979012","9116","5",10,"15.3"
"2021-07-06","4630","5222","3648937","7070","2362","112756","129302","570","94538","3997214","9124","27",14.3,"14.4"
"2021-07-07","5978","5782","3658259","8060","2391","112817","129337","567","94552","4017981","9124","14",15.3,"13.6"
"2021-07-08","6817","6037","3667521","9014","2485","112898","129386","594","94565","4039614","9141","13",18,"14.1"
"2021-07-09","6923","5265","3564101","9898","2607","90","129436","585","94576","4061136","9167","11",12.7,"13.6"
"2021-07-10","6635","2603","3571184","10793","2746","57","129477","369","94588","4076720","9167","12",12,"13.3"
"2021-07-11","3241","2589","3690963","11335","2998","112917","129530","531","94593","4087419","9167","5",9.3,"12.4"
"2021-07-12","6944","5939","3700539","11899","3366","112998","129621","675","94606","4113125","9169","13",10,"13.6"
"2021-07-13","6908","5604","3712262","13141","3583","113075","129727","582","94636","4138934","9173","30",16,"14"
"2021-07-14","8477","6113","3723768","14520","3802","113132","129823","742","94658","4166119","9174","22",21.7,"15.1"
"2021-07-15","8922","6149","3735713","15941","4106","113199","129925","772","94677","4194405","9177","19",23.7,"16"
"2021-07-16","8623","5423","3633913","17124","4321","127","130055","804","94706","4221665","9181","29",23.3,"18.6"
"2021-07-17","7652","3432","3642775","18205","4623","85","130140","595","94726","4240787","9182","20",22.7,"19.7"
"2021-07-18","3988","3136","3763830","19048","4979","113218","130242","802","94745","4253130","9184","19",22.7,"21.7"
"2021-07-19","7952","6720","3775831","19621","5593","113287","138702","952","94783","4284780","9193","38",25.7,"25.3"
"2021-07-20","8655","5983","3788635","20949","5880","113338","130634","1007","94843","4313093","9202","60",39,"29.6"
"2021-07-21","9846","5857","3801647","22151","6188","113350","130880","1064","94892","4342506","9203","49",49,"33.4"
"2021-07-22","10134","6572","3814272","23455","6614","113407","131112","1103","94945","4371198","9218","53",54,"38.3"
"2021-07-23","9359","5730","3712841","24521","6790","103","131334","1118","94998","4400935","9218","53",51.7,"41.7"
"2021-07-24","5216","3294","3721408","25428","7115","67","131476","854","95068","4417508","9221","70",58.7,"48.9"
"2021-07-25","3498","2078","3841993","25890","7502","113458","131636","1057","95124","4428275","9257","56",59.7,"54.1"
"2021-07-26","7763","6426","3852274","25568","8082","113516","131897","1313","95186","4461132","9282","62",62.7,"57.6"
"2021-07-27","8145","5107","3864001","26080","8177","113619","132101","1312","95305","4488136","9290","119",79,"66"
"2021-07-28","8856","5480","3875445","26515","8244","113634","132367","1407","95381","4514404","9299","76",85.7,"69.9"
"2021-07-29","8425","5301","3887324","26702","8349","113726","132613","1482","95457","4540288","9320","76",90.3,"73.1"
"2021-07-30","7477","4957","3784671","26863","8216","73","132892","1465","95546","4564655","9331","89",80.3,"78.3"
"2021-07-31","4133","1882","3792105","27112","8408","39","133056","1079","95613","4578570","9331","67",77.3,"77.9"
"2021-08-01","2880","1638","3913113","27230","8640","113769","131772","1398","95658","4587178","9332","45",67,"76.3"
"2021-08-02","6586","5890","3922738","26097","8828","113850","131995","1658","95759","4615157","9356","101",71,"81.9"
"2021-08-03","6200","4096","3932217","25909","8751","113916","132290","1667","95916","4636035","9372","157",101,"87.3"
"2021-08-04","7006","4398","3941303","25486","8559","113972","140483","1721","96019","4656560","9395","103",120.3,"91.1"
"2021-08-05","6417","4070","3949658","24780","8451","114049","135715","1724","96124","4676436","9409","105",121.7,"95.3"
"2021-08-06","6015","3707","3843590","24104","8239","77","132923","1669","96220","4695715","9419","96",101.3,"96.3"
"2021-08-07","3393","1247","3850741","23991","8378","48","133083","1213","96302","4706475","9421","82",94.3,"98.4"
"2021-08-08","1967","1262","3970088","23589","8574","114067","133196","1540","96350","4712670","9425","48",75.3,"98.9"
"2021-08-09","6731","4242","3977754","22122","8785","114188","133449","1787","96446","4733695","9459","96",75.3,"98.1"
"2021-08-10","4568","2893","3986187","21266","8445","114260","133696","1755","96558","4749239","9471","112",85.3,"91.7"
"2021-08-11","5356","3357","3993645","20591","8298","114295","133903","1737","96731","4764778","9491","173",127,"101.7"
"2021-08-12","5075","3045","4001081","19941","8052","114350","135598","1733","96839","4780377","9514","108",131,"102.1"
"2021-08-13","4373","2619","3893256","18961","7879","46","135741","1659","96935","4794621","9537","96",125.7,"102.1"
"2021-08-14","2519","926","3898339","18885","7949","48","134401","1193","97012","4802582","9539","77",93.7,"101.4"
"2021-08-15","1808","826","4017804","21401","8034","114469","134547","1524","97075","4808944","9585","63",78.7,"103.6"
"2021-08-16","4903","3402","4024676","17613","7985","114530","136236","1724","97174","4823286","9642","99",79.7,"104"
"2021-08-17","3381","1853","4032122","16155","7795","114616","136408","1707","97340","4835328","9660","166",109.3,"111.7"
"2021-08-18","4390","2269","4039400","15576","7566","114610","136577","1695","97471","4846443","9674","131",132,"105.7"
"2021-08-19","3811","2276","4045000","14997","7360","114671","136791","1672","97592","4857522","9686","121",139.3,"107.6"
"2021-08-20","3854","2143","3936944","14223","6974","52","136929","1585","97673","4869029","9699","81",111,"105.4"
"2021-08-21","2991","707","3942165","14150","6988","39","137027","1153","97739","4875728","9702","66",89.3,"103.9"
"2021-08-22","1288","670","4060930","13960","7114","114731","137120","1443","97794","4879692","9714","55",67.3,"102.7"
"2021-08-23","4279","2722","4067228","12943","7030","114792","137257","1646","97902","4892402","9837","108",76.3,"104"
"2021-08-24","3256","1663","4074158","12668","6789","114842","137441","1610","98099","4901938","9876","197",120,"108.4"
"2021-08-25","3308","1737","4079779","12170","6509","114918","137578","1576","98207","4911325","9902","108",137.7,"105.1"
"2021-08-26","2912","1823","4085760","11737","6345","114976","137747","1546","98297","4922815","9538","90",131.7,"100.7"
"2021-08-27","2551","1667","3975976","11178","6057","39","137874","1484","98389","4931019","9977","92",96.7,"102.3"
"2021-08-28","1168","551","3980535","10978","6119","37","137977","1054","98449","4935127","9991","60",80.7,"101.4"
"2021-08-29","908","476","4100129","10852","6111","115062","138068","1313","98505","4937737","10007","56",69.3,"101.6"
"2021-08-30","2978","1978","4105754","10076","5970","115139","138168","1509","98588","4946326","10048","83",66.3,"98"
"2021-08-31","2199","1196","4112831","9772","5687","115192","138299","1424","98762","4952618","10070","174",104.3,"94.7"
"2021-09-01","2854","1441","4118836","9424","5472","115256","138401","1411","98811","4959474","10085","49",102,"86.3"
"2021-09-02","2142","1179","4124550","9056","5319","115305","138515","1380","98896","4965336","10109","85",102.7,"85.6"
"2021-09-03","1774","1208","4014659","8652","5024","36","138607","1292","98991","4970672","10130","95",76.3,"86"
"2021-09-04","961","398","4019001","8613","5010","24","138667","906","99049","4973372","10131","58",79.3,"85.7"
"2021-09-05","587","305","4138046","8439","4989","115424","138728","1141","99100","4975810","10165","51",68,"85"
"2021-09-06","1795","1460","4144254","8099","4902","115484","138811","1288","99224","4981844","10205","124",77.7,"90.9"
"2021-09-07","1463","933","4150804","7772","4702","115546","138918","1243","99307","4985752","10219","83",86,"77.9"
"2021-09-08","1382","1030","4156478","7423","4489","115567","138981","1198","99387","4989942","10223","80",95.7,"82.3"
"2021-09-09","1204","891","4160840","7059","4296","115597","139035","1185","99459","4993726","10277","72",78.3,"80.4"
"2021-09-10","1176","885","4050065","6761","4052","30","130400","1117","99529","4997196","10306","70",74,"76.9"
"2021-09-11","575","241","4054431","6689","4004","22","130439","778","99569","4999078","10313","40",60.7,"74.3"
"2021-09-12","378","275","4173729","6594","3991","115659","139204","967","99603","5000295","10331","34",48,"71.9"
"2021-09-13","1285","1123","4180019","6167","3909","115665","139258","1100","99653","5004317","10413","50",41.3,"61.3"
"2021-09-14","865","767","4186556","5935","3663","115689","139298","1062","99776","5007354","10447","123",69,"67"
"2021-09-15","1152","698","4192659","5719","3443","115738","139350","1019","99838","5010628","10466","62",78.3,"64.4"
"2021-09-16","968","709","4198172","5487","3301","115773","139400","979","99903","5013618","10476","65",83.3,"63.4"
"2021-09-17","976","656","4087859","5263","3118","31","139437","908","99951","5016419","10478","48",58.3,"60.3"
"2021-09-18","466","192","4092478","5209","3102","13","139476","600","99992","5017709","10488","41",51.3,"60.4"
"2021-09-19","274","184","4212412","5182","3098","115838","143017","766","100019","5018710","10495","27",38.7,"59.4"
"2021-09-20","1014","783","4219183","4903","3004","115887","131240","902","100084","5021838","10527","65",44.3,"61.6"
"2021-09-21","818","559","4226023","4681","2839","115920","139618","855","100175","5024152","10548","91",61,"57"
"2021-09-22","804","544","4232892","4509","2658","115964","139626","839","100222","5026597","10558","47",67.7,"54.9"
"2021-09-23","696","556","4238617","4360","2523","115995","131354","797","100265","5028791","10562","43",60.3,"51.7"
"2021-09-24","757","469","4128064","4144","2405","24","131383","717","100311","5031080","10577","46",45.3,"51.4"
"2021-09-25","341","209","4132294","4104","2376","14","131415","508","100340","5032161","10577","29",39.3,"49.7"
"2021-09-26","237","185","4252519","3988","2395","116042","131434","538","100353","5033052","10586","13",29.3,"47.7"
"2021-09-27","953","769","4259494","3832","2350","116079","131469","745","100391","5035994","10610","38",26.7,"43.9"
"2021-09-28","639","595","4266834","3740","2259","116113","131498","700","100447","5038036","10635","56",35.7,"38.9"
"2021-09-29","728","604","4273490","3724","2150","116150","131527","682","100465","5040145","10659","18",37.3,"34.7"
"2021-09-30","661","513","4278991","3618","2071","116233","131551","638","100489","5042134","10701","24",32.7,"32"
"2021-10-01","631","450","4167641","3431","1977","21","131593","598","100572","5043941","10731","83",41.7,"37.3"
"2021-10-02","189","187","4171325","3439","1980","13","131614","381","100594","5044700","10753","22",43,"36.3"
"2021-10-03","176","171","4291254","3423","1990","116333","131641","492","100615","5045406","10741","21",42,"37.4"
"2021-10-04","644","552","4297069","3242","1971","116835","131642","583","100652","5047434","10752","37",26.7,"37.3"
"2021-10-05","541","387","4303357","3198","1882","117190","131672","551","100704","5049022","10758","52",36.7,"36.7"
"2021-10-06","490","460","4309197","3118","1806","117348","131704","524","100738","5050732","10795","34",41,"39"
"2021-10-07","531","389","4313651","3017","1760","117497","131732","481","100764","5052418","10810","26",37.3,"39.3"
"2021-10-08","634","409","4200035","2929","1657","13","131754","476","100791","5053847","10822","27",29,"31.3"
"2021-10-09","208","156","4202909","2927","1673","16","131769","310","100811","5054560","10824","20",24.3,"31"
"2021-10-10","141","118","4322440","2863","1682","117695","131791","330","100820","5055050","10826","9",18.7,"29.3"
"2021-10-11","618","464","4208207","2761","1629","9","5978","348","100833","5056954","10837","13",14,"25.9"
"2021-10-12","214","178","4329016","2678","1635","117724","131829","379","100879","5057804","10837","46",22.7,"25"
"2021-10-13","585","443","4333647","2601","1638","117771","131859","382","100906","5059607","10845","27",28.7,"24"
"2021-10-14","601","401","4338423","2531","1614","117797","131887","426","100936","5061232","10851","30",34.3,"24.6"
"2021-10-15","674","365","4224373","2469","1528","16","131917","406","100959","5063002","10854","23",26.7,"24"
"2021-10-16","338","143","4227278","2469","1554","8","131945","271","100977","5063830","10854","18",23.7,"23.7"
"2021-10-17","231","161","4347390","2492","1567","117839","131966","337","100984","5064577","10855","7",16,"23.4"
"2021-10-18","833","499","4351262","748","1573","117915","126023","369","101007","5066961","10867","23",16,"24.9"
"2021-10-19","668","453","4356123","2517","1590","117937","132044","424","101048","5068844","10889","41",23.7,"24.1"
"2021-10-20","856","516","4360855","2538","1551","117982","132088","417","101085","5070958","10890","37",33.7,"25.6"
"2021-10-21","840","442","4365476","2543","1542","118016","132120","415","101111","5072991","10895","26",34.7,"25"
"2021-10-22","802","429","4252197","2531","1477","18","132154","391","101134","5074887","10900","23",28.7,"25"
"2021-10-23","294","173","4255100","2576","1492","12","132177","247","101150","5075747","10900","16",21.7,"24.7"
"2021-10-24","265","189","4375540","2614","1552","118060","132197","316","101160","5076518","10904","10",16.3,"25.1"
"2021-10-25","983","651","4380305","2612","1544","118088","132215","421","101172","5079032","10905","12",12.7,"23.6"
"2021-10-26","706","503","4385741","2594","1500","118118","132250","372","101214","5081017","10907","42",21.3,"23.7"
"2021-10-27","849","600","4390544","2687","1473","118163","132286","400","101234","5083192","10909","20",24.7,"21.3"
"2021-10-28","776","558","4395487","2675","1462","118188","132312","393","101252","5085289","10912","18",26.7,"20.1"
"2021-10-29","855","461","4281637","2754","1438","24","132334","374","101263","5087502","10914","11",16.3,"18.4"
"2021-10-30","351","210","4284050","2810","1457","17","132358","246","101275","5088468","10914","12",13.7,"17.9"
"2021-10-31","276","146","4286512","2843","1484","11","132376","282","101281","5089064","10914","6",9.7,"17.3"
"2021-11-01","268","224","4407211","2840","1519","118221","132409","261","101288","5090309","10914","7",8.3,"16.6"
"2021-11-02","1168","838","4293506","2915","1588","19","132446","386","101322","5093642","10915","34",15.7,"15.4"
"2021-11-03","1075","658","4416745","3008","1592","118278","132229","389","101347","5096248","10918","25",22,"16.1"
"2021-11-04","1191","764","4421826","3164","1555","118320","132528","379","101357","5099111","10918","10",23,"15"
"2021-11-05","1245","639","4308360","3300","1551","24","132565","359","101378","5102123","10920","21",18.7,"16.4"
"2021-11-06","405","320","4311924","3346","1569","11","132592","239","101386","5103485","10923","8",13,"15.9"
"2021-11-07","373","276","4433480","3430","1609","118590","132611","285","101397","5104669","10923","11",13.3,"16.6"
"2021-11-08","1625","829","4439030","3531","1657","118915","132623","373","101421","5108697","10926","24",14.3,"19"
"2021-11-09","1270","1092","4445503","3681","1693","119070","132672","395","101481","5112032","10929","60",31.7,"22.7"
"2021-11-10","1436","983","4451939","3900","1725","119122","132719","390","101506","5115713","10932","25",36.3,"22.7"
"2021-11-11","1709","1083","4458130","4197","1731","119148","134252","394","101541","5119905","10933","35",40,"26.3"
"2021-11-12","1722","1173","4345586","4424","1747","28","132844","363","101562","5124208","10936","21",27,"26.3"
"2021-11-13","1056","479","4350528","4592","1784","21","132876","252","101574","5126541","10936","12",22.7,"26.9"
"2021-11-14","723","527","4473820","4703","1849","119201","132907","315","101589","5128707","10936","15",16,"27.4"
"2021-11-15","2329","1317","4480612","4851","1945","119227","132954","422","101612","5134399","10941","23",16.7,"27.3"
"2021-11-16","2012","1423","4488262","4916","1995","119241","133008","369","101654","5139431","10941","42",26.7,"24.7"
"2021-11-17","2692","1707","4496388","5604","2029","119272","133038","446","101682","5146180","10842","28",31,"25.1"
"2021-11-18","2569","1776","4505248","5969","2080","119332","133098","431","101704","5152660","10954","22",30.7,"23.3"
"2021-11-19","2816","1647","4394044","6263","2140","60","133149","416","101724","5159407","10958","20",23.3,"23.1"
"2021-11-20","1914","783","4400687","6651","2244","35","133205","276","101739","5163330","10958","15",19,"23.6"
"2021-11-21","1208","730","4525841","6797","2394","119382","133242","353","101752","5166747","10964","13",16,"23.3"
"2021-11-22","3714","2199","4534410","7102","2580","119430","134774","504","101785","5175899","10965","33",20.3,"24.7"
"2021-11-23","3182","2213","4544361","7536","2750","119479","133379","530","101846","5183614","10972","61",35.7,"27.4"
"2021-11-24","3951","2544","4555236","8002","2833","119506","133429","539","101868","5192883","10975","22",38.7,"26.6"
"2021-11-25","4391","2592","4566602","8577","2909","119553","133488","541","101898","5202846","10979","30",37.7,"27.7"
"2021-11-26","3876","2277","4458334","8985","2934","67","133548","484","101928","5212471","10990","30",27.3,"29.1"
"2021-11-27","2442","1149","4465017","9579","3042","49","133606","385","101936","5217786","10994","8",22.7,"28.1"
"2021-11-28","1804","983","4590965","9850","3144","119602","133633","487","101955","5222721","10997","19",19,"29"
"2021-11-29","5798","2959","4601824","10097","3363","119677","133699","660","101999","5235792","11007","44",23.7,"30.6"
"2021-11-30","5092","3292","4614167","10802","3420","119728","133742","692","102090","5247925","11013","91",51.3,"34.9"
"2021-12-01","5515","3664","4627669","11644","3464","119784","133818","701","102127","5260884","11021","37",57.3,"37"
"2021-12-02","6258","3911","4642186","12416","3578","119861","133928","732","102170","5275285","11032","43",57,"38.9"
"2021-12-03","6370","3496","4537486","13175","3619","104","133991","738","102213","5289331","11038","43",41,"40.7"
"2021-12-04","4048","1669","4547264","13888","3672","65","134038","558","102237","5297538","11040","24",36.7,"43"
"2021-12-05","2577","1227","4555443","4726","3830","64","0","511","102257","5302429","11042","20",29,"43.1"
"2021-12-06","3368","1850","4683258","14300","4089","119926","134129","705","102294","5313264","11064","37",27,"42.1"
"2021-12-07","6794","4342","4573640","14655","4250","105","6325","710","102329","5333201","11080","35",30.7,"34.1"
"2021-12-08","4606","2527","4703433","15295","4468","119954","134275","778","102414","5344951","11090","85",52.3,"41"
"2021-12-09","7805","5333","4716795","15916","4570","120093","134368","950","102491","5364986","11116","77",65.7,"45.9"
"2021-12-10","9752","5375","4611867","17237","4634","122","134455","920","102543","5387394","11140","52",71.3,"47.1"
"2021-12-11","6050","2563","4622155","18409","4783","99","134533","697","102578","5398876","11143","35",54.7,"48.7"
"2021-12-12","4807","2525","4753733","19245","4967","120092","134606","867","102606","5411851","11155","28",38.3,"49.9"
"2021-12-13","12382","7014","4767598","19803","5323","120177","134704","1095","102673","5443561","11201","67",43.3,"54.1"
"2021-12-14","10145","7074","4782645","21402","5330","120256","134816","1118","102781","5473246","11223","108",67.7,"64.6"
"2021-12-15","12424","7640","4799328","23565","5390","120338","134924","1158","102869","5507676","11246","88",87.7,"65"
"2021-12-16","14207","8014","4816400","25949","5512","120421","135028","1171","102946","5545295","11275","77",91,"65"
"2021-12-17","14142","7504","4714025","28283","5426","111","135144","1035","103010","5584515","11286","64",76.3,"66.7"
"2021-12-18","8843","3629","4728152","30542","5474","91","135230","828","103062","5605532","11299","52",64.3,"69.1"
"2021-12-19","7041","3541","4862498","32204","5862","120456","135649","1029","103108","5626220","11339","46",54,"71.7"
"2021-12-20","20248","11278","4880150","34391","6199","120621","135511","1314","103207","5690141","11405","99",65.7,"76.3"
"2021-12-21","17366","11294","4901002","34573","6330","120718","135703","1320","103343","5752892","11475","136",93.7,"80.3"
"2021-12-22","22755","14997","4926006","41680","6350","120876","135866","1368","103423","5828161","11527","80",105,"79.1"
"2021-12-23","27981","13957","4833391","46318","6414","223","136069","1310","103513","5909548","11573","90",102,"81"
"2021-12-24","20970","8878","4860594","49935","6382","158","6659","706","103559","5971023","11575","46",72,"78.4"
"2021-12-25","15010","4840","4877989","51865","6753","163","136436","917","103612","6002879","11580","53",63,"78.6"
"2021-12-26","14532","6171","5015847","54209","7320","120978","136655","1242","103669","6050674","11614","57",52,"80.1"
"2021-12-27","35274","26620","5040371","59673","7899","121178","137008","1555","103783","6186141","11689","114",74.7,"82.3"
"2021-12-28","38940","293178","5067150","62482","8272","121463","139058","1576","103957","6303240","11761","174",115,"87.7"
"2021-12-29","48753","24238","5100696","76923","8753","121595","137743","1610","104057","6432705","11818","100",129.3,"90.6"
"2021-12-30","50487","21193","5014114","85925","8931","540","138091","1529","104159","6556498","11883","102",125.3,"92.3"
"2021-12-31","48346","11511","5047822","90842","8904","279","6925","897","104227","6643598","11888","68",90,"95.4"
"2022-01-01","22778","5548","5071401","92145","9373","204","138600","1110","104307","6684534","11905","80",83.3,"99.3"
"2022-01-02","22404","9062","5218680","93999","9955","121640","143581","1518","104373","6755640","11939","66",71.3,"100.6"
"2022-01-03","58982","37618","5251329","98550","10772","122009","139386","1778","104526","6949195","12076","153",99.7,"106.1"
"2022-01-04","56250","25526","5288329","105995","11163","122335","139910","1785","104760","7087551","12163","234",151,"114.7"
"2022-01-05","61586","24446","5201507","114892","11247","892","7169","1427","104873","7216733","12259","113",166.7,"116.6"
"2022-01-06","31457","8835","5346052","117647","12019","122113","140769","1326","105031","7299003","12325","158",168.3,"124.6"
"2022-01-07","66497","30160","5253339","122353","12291","795","141268","1751","105165","7447454","12463","134",135,"134"
"2022-01-08","35609","8518","5276070","126438","12845","362","141631","1229","105277","7524359","12514","112",134.7,"138.6"
"2022-01-09","27339","9845","5416729","129688","13472","122254","141977","1606","105397","7607157","12587","120",122,"146.3"
"2022-01-10","74626","36187","5446417","137668","14214","122829","142445","1968","105606","7788275","12758","209",147,"154.3"
"2022-01-11","69223","30585","5475802","145754","14465","122983","142954","1992","105899","7943672","12957","293",207.3,"162.7"
"2022-01-12","65078","29016","5499645","153362","14705","123042","143438","2021","106100","8095326","13206","201",234.3,"175.3"
"2022-01-13","62456","28231","5522553","158180","15047","123226","144301","2008","106297","8239146","13428","197",230.3,"180.9"
"2022-01-14","65036","24272","5422650","161204","14769","841","144444","1874","106463","8380479","13681","166",188,"185.4"
"2022-01-15","23156","7759","5435101","161606","15115","304","144793","1315","106601","8448946","13093","138",167,"189.1"
"2022-01-16","23080","7174","5567398","160950","15748","122768","145106","1706","106726","8529996","13828","125",143,"189.9"
"2022-01-17","68835","30474","5583463","162814","16332","123466","145588","2022","106952","8709445","14239","226",163,"192.3"
"2022-01-18","49847","22624","5599494","160963","16299","123448","146030","2011","107305","8846331","14647","353",234.7,"200.9"
"2022-01-19","56193","21131","5615499","160216","16360","123686","146437","2023","107580","8984664","14843","275",284.7,"211.4"
"2022-01-20","54694","21397","5629508","156218","16303","123695","146882","1975","107855","9126810","15126","275",301,"222.6"
"2022-01-21","49903","19157","5520240","153957","15960","667","147284","1601","108058","9244571","15336","203",251,"227.9"
"2022-01-22","18655","9315","5529009","151543","16260","220","147600","1384","108214","9311617","15351","156",211.3,"230.4"
"2022-01-23","14348","7780","5659967","148540","16671","123475","147895","1740","108351","9373807","15511","137",165.3,"232.1"
"2022-01-24","81587","23977","5674094","144778","17009","124115","148295","2004","108628","9537099","15855","277",190,"239.4"
"2022-01-25","56835","16537","5690337","139559","16625","124159","148629","1976","109052","9659468","16098","424",279.3,"249.6"
"2022-01-26","45817","17490","5705827","136040","16384","124206","148956","1958","109316","9571344","16324","264",321.7,"248"
"2022-01-27","52479","15550","5721113","136947","16138","124273","149239","1907","109581","9682265","16580","265",317.7,"246.6"
"2022-01-28","43422","13247","5611634","131986","15606","414","149503","1785","109807","9772773","16755","226",251.7,"249.9"
"2022-01-29","13827","5923","5620767","127149","15741","158","149741","1318","109956","9814543","16756","149",213.3,"248.9"
"2022-01-30","9175","7392","5751764","121571","16037","124046","149952","1670","110087","9853068","16849","131",168.7,"248"
"2022-01-31","37909","16360","5764326","114289","16143","124541","149935","1879","110368","9942388","17075","281",187,"248.6"
"2022-02-01","30410","10625","5778311","108065","15532","124541","150465","1860","110826","10013455","17226","458",290,"253.4"
"2022-02-02","33206","10928","5789394","103149","15121","124633","150711","1810","111060","10086706","17408","234",324.3,"249.1"
"2022-02-03","29237","10348","5800565","99886","14603","124706","150933","1737","111334","10151638","17548","274",322,"250.4"
"2022-02-04","24589","8142","5686054","96165","13907","308","151273","1588","111554","10208236","17735","220",242.7,"249.6"
"2022-02-05","6631","3462","5691587","92946","13992","124","151451","1159","111736","10232984","17784","182",225.3,"254.3"
"2022-02-06","5367","4158","5821582","89190","14076","124688","151621","1469","111867","10262809","17862","131",177.7,"254.3"
"2022-02-07","28173","11299","5831381","84368","13822","125036","151515","1652","112081","10325274","18016","214",175.7,"244.7"
"2022-02-08","18844","6615","5840628","79938","13200","125080","151733","1564","112551","10368245","18104","470",271.7,"246.4"
"2022-02-09","20036","6660","5849244","76674","12577","125148","151891","1518","112781","10410134","18194","230",304.7,"245.9"
"2022-02-10","17108","6297","5856127","73226","11950","125172","152026","1491","112969","10454396","18284","188",296,"233.6"
"2022-02-11","15271","5176","5738090","70435","11149","181","152479","1366","113170","10491431","18316","201",206.3,"230.9"
"2022-02-12","4086","2391","5742436","68756","11101","97","152611","1010","113248","10503158","18348","78",155.7,"216"
"2022-02-13","3238","2701","5871199","66086","11138","125105","152721","1237","113349","10522865","18427","101",126.7,"211.7"
"2022-02-14","17570","6430","5878525","62648","10778","125359","152918","1377","113567","10564918","18553","218",132.3,"212.3"
"2022-02-15","12663","4434","5885765","57827","10292","125370","155234","1317","113929","10594170","18626","362",227,"196.9"
"2022-02-16","13194","4445","5892279","56783","9839","125448","153187","1276","114112","10622180","18798","183",254.3,"190.1"
"2022-02-17","7338","2733","109","2003","9095","109","144232","1024","114229","10644609","0","117",220.7,"180"
"2022-02-18","5999","415","0","2104","5556","0","144339","749","77604","6882282","0","-36625",-12108.3,"-5080.9"