CodMunicipio;Municipi;Casos PCR+;Incidencia PCR+;PCR+ 14d;Incd PCR+14;Defuncions;Taxa defuncio
46001;Ademuz; 460; 44358,73; 19; 1832,21; 2; 192,86
46002;Ador; 760; 43930,64; 50; 2890,17; 5; 289,02
3001;Adsubia; 36; 5891,98; 1; 163,67; 1; 163,67
3002;Agost; 1067; 22256,99; 72; 1501,88; 11; 229,45
3003;Agres; 73; 12943,26; 4; 709,22; 1; 177,3
46004;Agullent; 338; 14154,1; 22; 921,27; 3; 125,63
46042;Aielo de Malferit; 948; 20497,3; 69; 1491,89; 6; 129,73
46043;Aielo de Rugat; 12; 7500,0; 1; 625,0; 0; 0,0
3004;Aigues; 113; 11460,45; 6; 608,52; 0; 0,0
46005;Alaquas; 7527; 25334,05; 567; 1908,38; 64; 215,41
46006;Albaida; 1861; 31467,7; 100; 1690,9; 16; 270,54
46007;Albal; 3802; 22935,39; 313; 1888,16; 12; 72,39
46008;Albalat de la Ribera; 695; 20895,97; 78; 2345,16; 3; 90,2
46009;Albalat dels Sorells; 850; 21060,46; 79; 1957,38; 2; 49,55
46010;Albalat dels Tarongers; 186; 15397,35; 21; 1738,41; 2; 165,56
3005;Albatera; 3010; 24130,19; 180; 1443,0; 14; 112,23
46011;Alberic; 3345; 31799,6; 330; 3137,18; 12; 114,08
12003;Albocasser; 555; 45232,27; 46; 3748,98; 3; 244,5
46012;Alborache; 208; 16924,33; 34; 2766,48; 10; 813,67
46013;Alboraya; 6321; 25548,68; 534; 2158,36; 46; 185,93
46014;Albuixech; 884; 21296,07; 88; 2119,97; 10; 240,91
3006;Alcalali; 67; 5145,93; 1; 76,8; 0; 0,0
12004;Alcala de Xivert; 1757; 26468,82; 104; 1566,74; 2; 30,13
3007;Alcocer de Planes; 21; 9292,04; 0; 0,0; 1; 442,48
3008;Alcoleja; 40; 22598,87; 0; 0,0; 0; 0,0
12005;Alcora (l'); 3057; 29346,26; 251; 2409,52; 16; 153,6
3009;Alcoy/Alcoi; 17475; 29441,99; 1301; 2191,93; 242; 407,72
46018;Alcublas; 80; 13093,29; 9; 1473,0; 0; 0,0
12006;Alcudia de Veo; 25; 13297,87; 6; 3191,49; 1; 531,91
46016;Alcantera de Xuquer; 179; 13348,25; 2; 149,14; 3; 223,71
46015;Alcasser; 2657; 26059,24; 269; 2638,29; 20; 196,16
46019;Alcudia (l'); 3349; 27661,68; 293; 2420,09; 18; 148,67
46020;Alcudia de Crespins (l'); 1408; 27537,65; 85; 1662,43; 4; 78,23
46021;Aldaia; 8217; 25515,46; 609; 1891,07; 46; 142,84
46022;Alfafar; 5243; 24505,73; 392; 1832,2; 39; 182,29
3010;Alfafara; 71; 17487,68; 2; 492,61; 0; 0,0
46024;Alfara de la Baronia; 97; 17047,45; 3; 527,24; 3; 527,24
46025;Alfara del Patriarca; 415; 12644,73; 32; 975,02; 2; 60,94
46026;Alfarp; 252; 16040,74; 39; 2482,5; 3; 190,96
46027;Alfarrasi; 274; 22477,44; 18; 1476,62; 1; 82,03
46023;Alfauir; 55; 12249,44; 3; 668,15; 0; 0,0
12007;Alfondeguilla; 116; 13457,08; 10; 1160,09; 0; 0,0
3011;Alfas del Pi (l'); 3906; 19489,07; 188; 938,03; 29; 144,7
46028;Algar de Palancia; 59; 12016,29; 5; 1018,33; 0; 0,0
46029;Algemesi; 6840; 24936,2; 485; 1768,14; 56; 204,16
46030;Algimia de Alfara; 161; 15289,65; 16; 1519,47; 8; 759,73
12008;Algimia de Almonacid; 30; 11450,38; 1; 381,68; 0; 0,0
46031;Alginet; 3514; 25414,04; 339; 2451,72; 11; 79,55
3012;Algorfa; 422; 13504,0; 31; 992,0; 2; 64,0
3013;Alguenya; 215; 16214,18; 23; 1734,54; 0; 0,0
3014;Alicante/Alacant; 76772; 22748,47; 5136; 1521,86; 567; 168,01
12009;Almazora/Almassora; 6735; 25185,1; 425; 1589,26; 26; 97,23
12010;Almedijar; 15; 6147,54; 1; 409,84; 0; 0,0
12011;Almenara; 1433; 23530,38; 110; 1806,24; 15; 246,31
46033;Almisera; 11; 4150,94; 1; 377,36; 0; 0,0
46034;Almoines; 521; 21033,51; 64; 2583,77; 1; 40,37
3015;Almoradi; 5365; 25297,06; 304; 1433,42; 32; 150,89
3016;Almudaina; 3; 2752,29; 1; 917,43; 0; 0,0
46035;Almussafes; 1945; 21661,65; 221; 2461,3; 6; 66,82
46032;Almassera; 2127; 28596,4; 126; 1694,0; 9; 121,0
46036;Alpuente; 51; 8031,5; 4; 629,92; 0; 0,0
3017;Alqueria d'Asnar (l'); 91; 18458,42; 7; 1419,88; 1; 202,84
46037;Alqueria de la Comtessa (l'); 352; 23529,41; 45; 3008,02; 2; 133,69
12901;Alquerias del Ninyo Perdido; 1096; 24551,97; 79; 1769,71; 10; 224,01
3018;Altea; 4912; 21774,98; 281; 1245,68; 39; 172,89
12012;Altura; 702; 19494,58; 70; 1943,9; 2; 55,54
46017;Alzira; 10147; 22580,0; 1048; 2332,1; 67; 149,09
46038;Andilla; 6; 1948,05; 0; 0,0; 0; 0,0
46039;Anna; 720; 27533,46; 33; 1261,95; 22; 841,3
46040;Antella; 153; 13223,85; 21; 1815,04; 5; 432,15
46041;Aras de los Olmos; 41; 11420,61; 10; 2785,52; 0; 0,0
12013;Aranyuel; 1; 662,25; 0; 0,0; 0; 0,0
12014;Ares del Maestrat; 5; 2717,39; 0; 0,0; 0; 0,0
12015;Argelita; 3; 2380,95; 0; 0,0; 0; 0,0
12016;Artana; 771; 39437,34; 28; 1432,23; 1; 51,15
3019;Aspe; 4977; 23923,28; 420; 2018,84; 21; 100,94
46003;Atzeneta d'Albaida; 237; 20395,87; 16; 1376,94; 1; 86,06
12001;Atzeneta del Maestrat; 366; 28067,48; 21; 1610,43; 3; 230,06
46044;Ayora; 1756; 33238,69; 95; 1798,22; 12; 227,14
12017;Ayodar; 35; 22875,82; 3; 1960,78; 0; 0,0
12018;Azuebar; 52; 16774,19; 6; 1935,48; 1; 322,58
12002;Ain; 6; 4878,05; 1; 813,01; 0; 0,0
3020;Balones; 23; 17968,75; 3; 2343,75; 0; 0,0
3021;Banyeres de Mariola; 2445; 34485,19; 108; 1523,27; 21; 296,19
12020;Barracas; 36; 21428,57; 1; 595,24; 1; 595,24
46046;Barx; 269; 20644,67; 10; 767,46; 14; 1074,44
46045;Barxeta; 394; 24842,37; 27; 1702,4; 3; 189,16
12022;Bejis; 35; 9433,96; 7; 1886,79; 0; 0,0
46048;Bellreguard; 2122; 45950,63; 130; 2815,07; 17; 368,12
46049;Bellus; 23; 7692,31; 1; 334,45; 0; 0,0
12024;Benafer; 5; 3048,78; 0; 0,0; 0; 0,0
12025;Benafigos; 2; 1449,28; 0; 0,0; 0; 0,0
46051;Benaguasil; 2903; 25790,69; 252; 2238,81; 13; 115,49
46050;Benageber; 29; 16111,11; 1; 555,56; 0; 0,0
12026;Benasal; 157; 14769,52; 6; 564,44; 3; 282,22
3022;Benasau; 12; 7692,31; 0; 0,0; 0; 0,0
46052;Benavites; 114; 17868,34; 9; 1410,66; 2; 313,48
3023;Beneixama; 382; 22603,55; 28; 1656,8; 2; 118,34
46053;Beneixida; 60; 9569,38; 4; 637,96; 0; 0,0
3024;Benejuzar; 1243; 22870,29; 61; 1122,36; 12; 220,79
46054;Benetusser; 4190; 27933,33; 305; 2033,33; 30; 200,0
3025;Benferri; 294; 14961,83; 12; 610,69; 3; 152,67
3026;Beniarbeig; 181; 8383,51; 6; 277,91; 0; 0,0
3027;Beniarda; 4; 2000,0; 0; 0,0; 0; 0,0
46055;Beniarjo; 494; 27956,99; 33; 1867,57; 2; 113,19
3028;Beniarres; 251; 22838,94; 16; 1455,87; 2; 181,98
46056;Beniatjar; 45; 20547,95; 3; 1369,86; 1; 456,62
12027;Benicarlo; 7157; 26155,76; 446; 1629,94; 46; 168,11
12028;Benicasim/Benicassim; 5195; 28289,04; 293; 1595,51; 21; 114,35
46057;Benicolet; 125; 21777,0; 8; 1393,73; 2; 348,43
46904;Benicull de Xuquer; 133; 12690,84; 17; 1622,14; 0; 0,0
3030;Benidoleig; 70; 6493,51; 1; 92,76; 0; 0,0
3031;Benidorm; 16612; 23579,84; 719; 1020,58; 199; 282,47
46059;Benifairo de la Valldigna; 283; 18164,31; 28; 1797,18; 0; 0,0
46058;Benifairo de les Valls; 410; 18526,89; 51; 2304,56; 2; 90,38
46060;Benifaio; 3384; 28225,87; 320; 2669,11; 26; 216,87
3032;Benifallim; 10; 9615,38; 0; 0,0; 0; 0,0
3033;Benifato; 9; 6617,65; 0; 0,0; 0; 0,0
46061;Benifla; 6; 1304,35; 1; 217,39; 0; 0,0
3029;Benigembla; 43; 9706,55; 2; 451,47; 0; 0,0
46062;Beniganim; 2212; 38276,52; 59; 1020,94; 15; 259,56
3034;Benijofar; 524; 15912,54; 17; 516,25; 4; 121,47
3035;Benilloba; 224; 30853,99; 7; 964,19; 1; 137,74
3036;Benillup; 10; 10000,0; 2; 2000,0; 0; 0,0
3037;Benimantell; 148; 29778,67; 9; 1810,87; 3; 603,62
3038;Benimarfull; 35; 8838,38; 3; 757,58; 0; 0,0
3039;Benimassot; 7; 6796,12; 0; 0,0; 0; 0,0
3040;Benimeli; 46; 10722,61; 12; 2797,2; 0; 0,0
46063;Benimodo; 251; 11047,54; 34; 1496,48; 2; 88,03
46064;Benimuslem; 67; 10044,98; 10; 1499,25; 0; 0,0
46065;Beniparrell; 443; 21985,11; 45; 2233,25; 2; 99,26
46066;Benirredra; 611; 39292,6; 40; 2572,35; 18; 1157,56
46067;Benisano; 464; 20253,16; 49; 2138,8; 1; 43,65
3041;Benissa; 3080; 27285,61; 224; 1984,41; 30; 265,77
46068;Benissoda; 56; 12962,96; 1; 231,48; 0; 0,0
46069;Benisuera; 23; 12432,43; 0; 0,0; 0; 0,0
3042;Benitachell/Poble Nou de Benitatxell (el); 310; 6963,16; 7; 157,23; 4; 89,85
12029;Benlloch; 217; 20706,11; 25; 2385,5; 2; 190,84
12021;Betxi; 1591; 28319,69; 120; 2135,99; 2; 35,6
3043;Biar; 1191; 32585,5; 55; 1504,79; 7; 191,52
46071;Bicorp; 104; 19659,74; 13; 2457,47; 0; 0,0
3044;Bigastro; 1692; 24489,8; 146; 2113,19; 12; 173,69
46072;Bocairent; 926; 22356,35; 96; 2317,72; 7; 169,0
46073;Bolbaite; 317; 23942,6; 9; 679,76; 5; 377,64
3045;Bolulla; 21; 5035,97; 0; 0,0; 0; 0,0
46074;Bonrepos i Mirambell; 922; 24665,6; 73; 1952,92; 4; 107,01
12032;Borriana/Burriana; 9174; 26172,54; 674; 1922,86; 65; 185,44
12031;Borriol; 1464; 27126,18; 107; 1982,58; 7; 129,7
46075;Bufali; 9; 5769,23; 2; 1282,05; 0; 0,0
46076;Bugarra; 122; 16508,8; 9; 1217,86; 0; 0,0
46078;Burjassot; 10067; 26058,71; 766; 1982,81; 52; 134,6
3046;Busot; 306; 9951,22; 19; 617,89; 1; 32,52
46077;Bunyol; 2907; 30606,44; 187; 1968,84; 18; 189,51
46047;Belgida; 92; 13549,34; 10; 1472,75; 3; 441,83
46070;Betera; 7110; 28897,74; 561; 2280,12; 46; 186,96
12033;Cabanes; 458; 15379,45; 32; 1074,55; 22; 738,75
46079;Calles; 43; 12112,68; 7; 1971,83; 1; 281,69
3048;Callosa d'En Sarria; 1953; 25963,84; 92; 1223,08; 19; 252,59
3049;Callosa de Segura; 5081; 26564,54; 444; 2321,33; 26; 135,93
3047;Calp; 4794; 20552,17; 271; 1161,79; 45; 192,92
3050;Campello (el); 6473; 22374,7; 478; 1652,26; 89; 307,64
3051;Campo de Mirra/Camp de Mirra (el); 2; 479,62; 0; 0,0; 0; 0,0
46080;Camporrobles; 244; 20367,28; 10; 834,72; 0; 0,0
46081;Canals; 3719; 27515,54; 219; 1620,3; 17; 125,78
46082;Canet d'En Berenguer; 1095; 16186,25; 120; 1773,84; 24; 354,77
12036;Canet lo Roig; 99; 14644,97; 6; 887,57; 0; 0,0
46083;Carcaixent; 5075; 24833,63; 440; 2153,06; 39; 190,84
46085;Carlet; 4303; 27337,99; 371; 2357,05; 26; 165,18
46086;Carricola; 11; 11111,11; 0; 0,0; 0; 0,0
46087;Casas Altas; 11; 8396,95; 0; 0,0; 1; 763,36
46088;Casas Bajas; 20; 12269,94; 1; 613,5; 0; 0,0
46089;Casinos; 366; 13165,47; 47; 1690,65; 3; 107,91
3053;Castalla; 2661; 25437,34; 170; 1625,08; 26; 248,54
12037;Castell de Cabres; 0; 0,0; 0; 0,0; 0; 0,0
3054;Castell de Castells; 43; 9839,82; 3; 686,5; 1; 228,83
3075;Castell de Guadalest (el); 0; 0,0; 0; 0,0; 0; 0,0
12038;Castellfort; 5; 2793,3; 0; 0,0; 1; 558,66
12039;Castellnovo; 109; 11873,64; 10; 1089,32; 1; 108,93
46091;Castellonet de la Conquesta; 9; 6382,98; 0; 0,0; 1; 709,22
46257;Castello; 2160; 30620,92; 145; 2055,57; 8; 113,41
46090;Castello de Rugat; 821; 35726,72; 46; 2001,74; 0; 0,0
12040;Castellon de la Plana/Castello de la Plana; 44472; 25519,9; 3924; 2251,76; 289; 165,84
46092;Castielfabib; 18; 5844,16; 1; 324,68; 0; 0,0
12041;Castillo de Villamalefa; 23; 22772,28; 4; 3960,4; 0; 0,0
46093;Catadau; 616; 21968,62; 49; 1747,5; 5; 178,32
46094;Catarroja; 7199; 25164,29; 682; 2383,95; 40; 139,82
3055;Catral; 1263; 14194,2; 57; 640,59; 9; 101,15
12042;Cati; 96; 13445,38; 12; 1680,67; 2; 280,11
46095;Caudete de las Fuentes; 195; 27426,16; 12; 1687,76; 3; 421,94
12043;Caudiel; 61; 9256,45; 3; 455,24; 4; 606,98
3052;Canyada; 293; 24254,97; 24; 1986,75; 2; 165,56
46096;Cerda; 13; 3927,49; 0; 0,0; 0; 0,0
12044;Cervera del Maestre; 66; 11849,19; 7; 1256,73; 0; 0,0
46107;Chella; 773; 31270,23; 22; 889,97; 6; 242,72
46106;Chelva; 581; 37949,05; 74; 4833,44; 2; 130,63
46108;Chera; 100; 21321,96; 2; 426,44; 0; 0,0
12052;Chert/Xert; 92; 13372,09; 5; 726,74; 2; 290,7
46109;Cheste; 2491; 28517,46; 157; 1797,37; 21; 240,41
12053;Chilches/Xilxes; 451; 16617,54; 53; 1952,84; 2; 73,69
46111;Chiva; 3348; 21720,51; 199; 1291,03; 28; 181,65
12055;Chodos/Xodos; 1; 943,4; 0; 0,0; 0; 0,0
46112;Chulilla; 99; 14954,68; 14; 2114,8; 1; 151,06
12056;Chovar; 37; 12847,22; 4; 1388,89; 0; 0,0
12045;Cinctorres; 119; 29750,0; 6; 1500,0; 2; 500,0
12046;Cirat; 18; 8737,86; 0; 0,0; 0; 0,0
3056;Cocentaina; 2723; 23637,15; 246; 2135,42; 36; 312,5
46097;Cofrentes; 260; 23152,27; 11; 979,52; 3; 267,14
3057;Confrides; 0; 0,0; 0; 0,0; 0; 0,0
46098;Corbera; 495; 16029,79; 44; 1424,87; 5; 161,92
12048;Cortes de Arenoso; 22; 7333,33; 4; 1333,33; 0; 0,0
46099;Cortes de Pallas; 113; 14656,29; 3; 389,11; 1; 129,7
12049;Costur; 38; 7335,91; 5; 965,25; 1; 193,05
46100;Cotes; 52; 15615,62; 2; 600,6; 0; 0,0
12050;Coves de Vinroma (les); 368; 20376,52; 31; 1716,5; 1; 55,37
3058;Cox; 1238; 16761,44; 61; 825,89; 14; 189,55
3059;Crevillent; 5822; 19711,54; 435; 1472,78; 41; 138,81
12051;Culla; 37; 7692,31; 1; 207,9; 0; 0,0
46105;Cullera; 4833; 21459,97; 396; 1758,36; 39; 173,17
12034;Calig; 291; 14839,37; 37; 1886,79; 1; 50,99
46084;Carcer; 859; 47016,97; 32; 1751,51; 7; 383,14
46113;Daimus; 892; 27909,89; 52; 1627,03; 31; 969,96
3061;Daya Nueva; 360; 20773,23; 6; 346,22; 5; 288,52
3062;Daya Vieja; 51; 6976,74; 2; 273,6; 1; 136,8
3064;Dolores; 2624; 34842,65; 167; 2217,5; 15; 199,18
46114;Domenyo; 84; 12481,43; 14; 2080,24; 1; 148,59
46115;Dos Aguas; 62; 18960,24; 2; 611,62; 1; 305,81
3063;Denia; 9925; 23174,63; 548; 1279,57; 46; 107,41
3065;Elche/Elx; 62967; 26821,29; 4232; 1802,65; 324; 138,01
3066;Elda; 14902; 28216,54; 806; 1526,14; 129; 244,26
46116;Eliana (l'); 6028; 32828,67; 447; 2434,38; 40; 217,84
46117;Emperador; 78; 11337,21; 7; 1017,44; 0; 0,0
46118;Enguera; 1167; 24429,56; 44; 921,08; 5; 104,67
12057;Eslida; 91; 12551,72; 11; 1517,24; 0; 0,0
12058;Espadilla; 8; 11594,2; 0; 0,0; 0; 0,0
46120;Estivella; 703; 48785,57; 73; 5065,93; 6; 416,38
46121;Estubeny; 8; 6400,0; 0; 0,0; 0; 0,0
3067;Facheca; 8; 7476,64; 1; 934,58; 0; 0,0
3068;Famorca; 2; 4444,44; 0; 0,0; 0; 0,0
12059;Fanzara; 35; 12820,51; 4; 1465,2; 0; 0,0
46122;Faura; 1043; 29355,47; 80; 2251,62; 3; 84,44
46123;Favara; 478; 19089,46; 35; 1397,76; 6; 239,62
12060;Figueroles; 54; 10325,05; 14; 2676,86; 0; 0,0
3069;Finestrat; 1036; 14585,39; 82; 1154,44; 5; 70,39
46126;Foios; 2263; 30367,69; 170; 2281,27; 7; 93,93
3077;Fondo de les Neus (el)/Hondon de las Nieves; 266; 10207,21; 41; 1573,29; 1; 38,37
46127;Font d'En Carros (la); 813; 21519,32; 89; 2355,74; 4; 105,88
46128;Font de la Figuera (la); 579; 28564,38; 33; 1628,02; 1; 49,33
46124;Fontanars dels Alforins; 252; 26277,37; 17; 1772,68; 2; 208,55
12061;Forcall; 235; 51535,09; 10; 2192,98; 3; 657,89
3070;Formentera del Segura; 673; 15768,51; 25; 585,75; 10; 234,3
46125;Fortaleny; 157; 15392,16; 16; 1568,63; 3; 294,12
12063;Fuente la Reina; 3; 5882,35; 0; 0,0; 0; 0,0
46129;Fuenterrobles; 169; 24351,59; 5; 720,46; 1; 144,09
12064;Fuentes de Ayodar; 1; 1123,6; 0; 0,0; 0; 0,0
3072;Gaianes; 64; 13361,17; 7; 1461,38; 0; 0,0
12065;Gaibiel; 30; 16574,59; 2; 1104,97; 0; 0,0
46131;Gandia; 18537; 24455,79; 1034; 1364,15; 79; 104,22
3071;Gata de Gorgos; 1363; 21832,45; 104; 1665,87; 3; 48,05
46130;Gavarda; 141; 13531,67; 4; 383,88; 1; 95,97
12067;Geldo; 91; 14375,99; 11; 1737,76; 1; 157,98
46132;Genoves; 759; 27321,81; 50; 1799,86; 1; 36,0
46133;Gestalgar; 87; 15875,91; 5; 912,41; 0; 0,0
46134;Gilet; 439; 12896,59; 40; 1175,09; 2; 58,75
46135;Godella; 4418; 33645,57; 369; 2810,14; 17; 129,46
46136;Godelleta; 330; 9207,59; 21; 585,94; 2; 55,8
3073;Gorga; 40; 16597,51; 2; 829,88; 0; 0,0
46137;Granja de la Costera (la); 28; 9491,53; 0; 0,0; 0; 0,0
3074;Granja de Rocamora; 468; 18062,52; 18; 694,71; 3; 115,79
46138;Guadasequies; 67; 14692,98; 4; 877,19; 0; 0,0
46139;Guadassuar; 1458; 24703,49; 141; 2389,02; 15; 254,15
46140;Guardamar de la Safor; 21; 3954,8; 2; 376,65; 2; 376,65
3076;Guardamar del Segura; 2827; 17837,09; 272; 1716,2; 35; 220,83
46902;Gatova; 53; 13086,42; 5; 1234,57; 1; 246,91
12068;Herbes; 1; 2272,73; 0; 0,0; 0; 0,0
12069;Higueras; 2; 4166,67; 0; 0,0; 0; 0,0
46141;Higueruelas; 64; 12774,45; 7; 1397,21; 0; 0,0
3078;Hondon de los Frailes; 182; 14653,78; 12; 966,18; 0; 0,0
3079;Ibi; 6653; 28233,75; 270; 1145,82; 62; 263,11
3080;Jacarilla; 377; 18868,87; 31; 1551,55; 1; 50,05
46142;Jalance; 171; 20503,6; 4; 479,62; 14; 1678,66
12070;Jana (la); 83; 12278,11; 6; 887,57; 0; 0,0
46144;Jarafuel; 130; 16905,07; 7; 910,27; 5; 650,2
3083;Jijona/Xixona; 1540; 22386,97; 73; 1061,2; 17; 247,13
3082;Javea/Xabia; 6410; 22879,78; 383; 1367,08; 18; 64,25
12071;Jerica; 261; 16741,5; 15; 962,16; 3; 192,43
46154;Llanera de Ranes; 280; 26743,08; 20; 1910,22; 1; 95,51
46155;Llauri; 169; 14955,75; 18; 1592,92; 0; 0,0
46151;Llocnou d'En Fenollet; 208; 22707,42; 12; 1310,04; 1; 109,17
46152;Llocnou de la Corona; 1; 806,45; 0; 0,0; 0; 0,0
46153;Llocnou de Sant Jeroni; 96; 17328,52; 4; 722,02; 0; 0,0
46156;Llombai; 274; 10327,93; 36; 1356,95; 2; 75,39
12074;Llosa (la); 177; 18024,44; 14; 1425,66; 6; 611,0
46157;Llosa de Ranes (la); 1010; 27732,02; 74; 2031,85; 3; 82,37
46150;Llutxent; 877; 37704,21; 55; 2364,57; 3; 128,98
3085;Lliber; 39; 4698,8; 2; 240,96; 0; 0,0
46147;Lliria; 5444; 23183,72; 377; 1605,49; 50; 212,93
3084;Lorcha/Orxa (l'); 70; 12027,49; 11; 1890,03; 1; 171,82
46148;Loriguilla; 320; 15724,82; 27; 1326,78; 4; 196,56
46149;Losa del Obispo; 69; 13663,37; 8; 1584,16; 0; 0,0
12072;Lucena del Cid; 309; 23498,1; 20; 1520,91; 1; 76,05
12073;Ludiente; 9; 6040,27; 1; 671,14; 0; 0,0
46158;Macastre; 109; 8384,62; 17; 1307,69; 1; 76,92
46159;Manises; 7912; 25326,5; 457; 1462,87; 62; 198,46
46160;Manuel; 486; 19950,74; 17; 697,87; 1; 41,05
46161;Marines; 248; 13419,91; 33; 1785,71; 0; 0,0
46162;Masalaves; 205; 12732,92; 24; 1490,68; 0; 0,0
46163;Massalfassar; 570; 22309,2; 66; 2583,17; 1; 39,14
46164;Massamagrell; 3977; 24605,58; 333; 2060,26; 33; 204,17
46165;Massanassa; 2563; 26201,19; 279; 2852,18; 36; 368,02
12075;Mata de Morella (la); 61; 38125,0; 1; 625,0; 0; 0,0
12076;Matet; 13; 15662,65; 0; 0,0; 0; 0,0
46166;Meliana; 2935; 26754,79; 295; 2689,15; 10; 91,16
46167;Millares; 25; 7552,87; 3; 906,34; 1; 302,11
3086;Millena; 14; 5833,33; 1; 416,67; 1; 416,67
46168;Miramar; 705; 26256,98; 89; 3314,71; 3; 111,73
46169;Mislata; 10222; 23064,08; 517; 1166,52; 66; 148,92
46170;Mogente/Moixent; 1396; 32412,35; 51; 1184,12; 3; 69,65
46171;Moncada; 5587; 25371,24; 449; 2038,96; 26; 118,07
12077;Moncofa; 1232; 18368,87; 80; 1192,78; 9; 134,19
3088;Monforte del Cid; 2063; 24718,43; 121; 1449,8; 10; 119,82
12079;Montanejos; 190; 33687,94; 20; 3546,1; 0; 0,0
46173;Montaverner; 390; 23853,21; 54; 3302,75; 0; 0,0
46174;Montesa; 344; 29783,55; 24; 2077,92; 2; 173,16
3903;Montesinos (Los); 372; 7350,33; 23; 454,46; 3; 59,28
46175;Montitxelvo/Montichelvo; 56; 9572,65; 1; 170,94; 0; 0,0
46176;Montroy; 556; 18809,2; 38; 1285,52; 3; 101,49
46172;Montserrat; 2291; 27979,97; 153; 1868,59; 5; 61,06
12078;Montan; 102; 27717,39; 3; 815,22; 5; 1358,7
3089;Monovar/Monover; 3352; 27448,41; 201; 1645,92; 30; 245,66
12080;Morella; 773; 31995,03; 53; 2193,71; 23; 951,99
3091;Murla; 37; 7297,83; 5; 986,19; 1; 197,24
3092;Muro de Alcoy; 2577; 27665,06; 257; 2758,99; 16; 171,77
46177;Museros; 1787; 27092,18; 142; 2152,82; 7; 106,12
3090;Mutxamel; 5682; 22156,37; 358; 1395,98; 53; 206,67
12081;Navajas; 78; 10833,33; 6; 833,33; 0; 0,0
46179;Navarres; 927; 30858,85; 32; 1065,25; 10; 332,89
3093;Novelda; 6966; 27061,89; 406; 1577,25; 54; 209,78
46180;Novele/Novetle; 160; 18669,78; 11; 1283,55; 2; 233,37
3094;Nucia (la); 4064; 22375,16; 261; 1436,99; 21; 115,62
12082;Nules; 4251; 32116,95; 225; 1699,91; 21; 158,66
46178;Naquera; 1008; 14615,05; 130; 1884,88; 1; 14,5
46181;Oliva; 6656; 26387,57; 433; 1716,62; 59; 233,9
46183;Olleria (l'); 2527; 30372,6; 130; 1562,5; 12; 144,23
46182;Olocau; 170; 9299,78; 12; 656,46; 1; 54,7
12083;Olocau del Rey; 37; 30833,33; 0; 0,0; 0; 0,0
12084;Onda; 7928; 31737,39; 461; 1845,48; 54; 216,17
3095;Ondara; 2020; 28547,2; 162; 2289,43; 8; 113,06
3096;Onil; 2081; 27381,58; 87; 1144,74; 35; 460,53
46184;Ontinyent; 9596; 26833,7; 745; 2083,28; 50; 139,82
3097;Orba; 956; 42831,54; 65; 2912,19; 7; 313,62
3099;Orihuela; 16311; 20777,02; 1189; 1514,55; 113; 143,94
12085;Oropesa del Mar/Orpesa; 2430; 26019,92; 106; 1135,03; 10; 107,08
3098;Orxeta; 112; 14285,71; 18; 2295,92; 0; 0,0
46185;Otos; 57; 13507,11; 4; 947,87; 1; 236,97
46186;Paiporta; 7246; 27328,96; 606; 2285,58; 30; 113,15
12087;Palanques; 1; 2941,18; 0; 0,0; 0; 0,0
46187;Palma de Gandia; 260; 15213,58; 32; 1872,44; 4; 234,06
46188;Palmera; 220; 21611,0; 18; 1768,17; 0; 0,0
46189;Palomar (el); 75; 13227,51; 8; 1410,93; 0; 0,0
3100;Parcent; 63; 6514,99; 3; 310,24; 0; 0,0
46190;Paterna; 16614; 23388,47; 1513; 2129,94; 75; 105,58
12088;Pavias; 4; 5882,35; 0; 0,0; 0; 0,0
46191;Pedralba; 549; 19509,59; 43; 1528,07; 4; 142,15
3101;Pedreguer; 1740; 22078,42; 123; 1560,72; 13; 164,95
3102;Pego; 2249; 22194,81; 162; 1598,74; 11; 108,56
3103;Penaguila; 74; 27509,29; 1; 371,75; 1; 371,75
12089;Peniscola/Penyiscola; 1899; 24716,91; 78; 1015,23; 9; 117,14
3104;Petrer; 10778; 31476,88; 624; 1822,38; 68; 198,59
46192;Petres; 156; 15615,62; 8; 800,8; 1; 100,1
46193;Picanya; 3070; 26451,84; 257; 2214,37; 27; 232,64
46194;Picassent; 6325; 29746,51; 464; 2182,19; 62; 291,59
3902;Pilar de la Horadada; 3870; 17317,76; 257; 1150,04; 44; 196,89
46195;Piles; 654; 23868,61; 40; 1459,85; 2; 72,99
12090;Pina de Montalgrao; 22; 20000,0; 2; 1818,18; 0; 0,0
46196;Pinet; 10; 6369,43; 0; 0,0; 0; 0,0
3105;Pinos (el)/Pinoso; 2103; 26205,61; 108; 1345,79; 13; 161,99
3106;Planes; 112; 16422,29; 5; 733,14; 1; 146,63
12093;Pobla de Benifassa (la); 30; 15075,38; 5; 2512,56; 0; 0,0
46199;Pobla de Farnals (la); 1646; 20250,98; 162; 1993,11; 9; 110,73
46202;Pobla de Vallbona (la); 6288; 25295,68; 571; 2297,05; 27; 108,62
46200;Pobla del Duc (la); 369; 14671,97; 13; 516,9; 3; 119,28
46203;Pobla Llarga (la); 1337; 30031,45; 83; 1864,33; 9; 202,16
12094;Pobla Tornesa (la); 151; 12458,75; 17; 1402,64; 2; 165,02
3901;Poblets (els); 128; 4716,29; 5; 184,23; 2; 73,69
46197;Polinya de Xuquer; 348; 13903,32; 38; 1518,18; 6; 239,71
3107;Polop; 711; 14040,28; 40; 789,89; 22; 434,44
12091;Portell de Morella; 12; 6382,98; 0; 0,0; 0; 0,0
46198;Potries; 253; 23867,92; 10; 943,4; 0; 0,0
12092;Puebla de Arenoso; 32; 21052,63; 13; 8552,63; 1; 657,89
46201;Puebla de San Miguel; 0; 0,0; 0; 0,0; 0; 0,0
46204;Puig; 2292; 26290,43; 287; 3292,04; 52; 596,47
46205;Puçol; 5096; 25819,53; 339; 1717,59; 34; 172,27
46101;Quart de les Valls; 219; 21386,72; 9; 878,91; 2; 195,31
46102;Quart de Poblet; 5276; 21051,79; 343; 1368,61; 38; 151,62
46103;Quartell; 524; 31661,63; 44; 2658,61; 36; 2175,23
46104;Quatretonda; 480; 21798,37; 27; 1226,16; 4; 181,65
3060;Quatretondeta; 11; 9322,03; 2; 1694,92; 0; 0,0
46206;Quesa; 147; 22171,95; 3; 452,49; 4; 603,32
3109;Rafal; 894; 19635,41; 30; 658,91; 7; 153,74
46207;Rafelbunyol/Rafelbunyol; 2187; 23904,25; 185; 2022,08; 11; 120,23
46208;Rafelcofer; 334; 24649,45; 12; 885,61; 2; 147,6
46209;Rafelguaraf; 627; 26624,2; 29; 1231,42; 4; 169,85
46212;Real; 372; 16855,46; 30; 1359,31; 4; 181,24
46211;Real de Gandia; 504; 19913,08; 32; 1264,32; 6; 237,06
3111;Redovan; 1440; 18168,05; 61; 769,62; 13; 164,02
3112;Relleu; 109; 9494,77; 12; 1045,3; 2; 174,22
46213;Requena; 5742; 28140,16; 310; 1519,24; 71; 347,95
46214;Riba-roja de Turia; 5550; 24383,81; 460; 2021,0; 36; 158,17
12095;Ribesalbes; 197; 16938,95; 14; 1203,78; 1; 85,98
46215;Riola; 230; 12849,16; 16; 893,85; 2; 111,73
46216;Rocafort; 1464; 20016,41; 176; 2406,34; 3; 41,02
3113;Rojales; 2569; 15409,99; 167; 1001,74; 24; 143,96
3114;Romana (la); 364; 14606,74; 21; 842,7; 5; 200,64
12096;Rossell; 127; 13925,44; 11; 1206,14; 2; 219,3
46217;Rotgla i Corbera; 243; 21754,7; 13; 1163,83; 0; 0,0
46219;Rugat; 21; 12068,97; 4; 2298,85; 1; 574,71
3110;Rafol d'Almunia (El); 45; 6944,44; 3; 462,96; 2; 308,64
46210;Rafol de Salem; 54; 12217,19; 8; 1809,95; 0; 0,0
46218;Rotova; 314; 24284,61; 29; 2242,85; 0; 0,0
12097;Sacanyet; 0; 0,0; 0; 0,0; 0; 0,0
3115;Sagra; 32; 7511,74; 1; 234,74; 0; 0,0
46220;Sagunto/Sagunt; 15395; 22918,43; 1264; 1881,71; 140; 208,42
46221;Salem; 72; 17224,88; 12; 2870,81; 1; 239,23
3116;Salinas; 295; 18209,88; 5; 308,64; 5; 308,64
12098;Salzadella (la); 107; 15285,71; 14; 2000,0; 2; 285,71
46903;San Antonio de Benageber; 1419; 15281,07; 146; 1572,26; 23; 247,68
3118;San Fulgencio; 776; 9614,67; 55; 681,45; 13; 161,07
3904;San Isidro; 225; 10699,0; 30; 1426,53; 1; 47,55
3120;San Miguel de Salinas; 1668; 26421,67; 131; 2075,08; 9; 142,56
12101;San Rafael del Rio; 125; 26824,03; 6; 1287,55; 0; 0,0
3122;San Vicente del Raspeig/Sant Vicent del Raspeig; 14650; 24839,77; 1084; 1837,97; 68; 115,3
3117;Sanet y Negrals; 43; 6231,88; 1; 144,93; 0; 0,0
3119;Sant Joan d'Alacant; 5587; 22928,55; 397; 1629,25; 39; 160,05
46222;Sant Joan de l'enova; 50; 9861,93; 6; 1183,43; 0; 0,0
12902;Sant Joan de Moro; 442; 13675,74; 37; 1144,8; 3; 92,82
12099;Sant Jordi/San Jorge; 142; 14343,43; 11; 1111,11; 0; 0,0
12100;Sant Mateu; 583; 29866,8; 46; 2356,56; 3; 153,69
12102;Santa Magdalena de Pulpis; 125; 16578,25; 12; 1591,51; 0; 0,0
3121;Santa Pola; 7931; 23814,67; 557; 1672,52; 42; 126,11
12103;Sarratella; 1; 1052,63; 0; 0,0; 0; 0,0
3123;Sax; 2785; 28248,3; 108; 1095,45; 21; 213,0
46223;Sedavi; 3002; 28890,39; 221; 2126,84; 31; 298,34
46224;Segart; 1; 609,76; 0; 0,0; 0; 0,0
12104;Segorbe; 2483; 27294,71; 203; 2231,5; 34; 373,75
3124;Sella; 79; 13691,51; 4; 693,24; 3; 519,93
46225;Sellent; 42; 10937,5; 0; 0,0; 1; 260,42
46226;Sempere; 0; 0,0; 0; 0,0; 0; 0,0
3125;Senija; 18; 3087,48; 0; 0,0; 0; 0,0
46227;Senyera; 206; 18165,78; 17; 1499,12; 0; 0,0
46228;Serra; 370; 11609,66; 46; 1443,36; 1; 31,38
12105;Sierra Engarceran; 97; 9817,81; 19; 1923,08; 2; 202,43
46229;Siete Aguas; 158; 13632,44; 14; 1207,94; 0; 0,0
46230;Silla; 4305; 22565,26; 392; 2054,72; 26; 136,28
46231;Simat de la Valldigna; 491; 14892,33; 60; 1819,84; 3; 90,99
46232;Sinarcas; 172; 15565,61; 5; 452,49; 1; 90,5
46233;Sollana; 950; 19463,22; 122; 2499,49; 6; 122,93
12106;Soneja; 372; 25549,45; 48; 3296,7; 2; 137,36
46234;Sot de Chera; 70; 19337,02; 13; 3591,16; 0; 0,0
12107;Sot de Ferrer; 64; 15647,92; 5; 1222,49; 2; 489,0
46235;Sueca; 6129; 22233,91; 637; 2310,82; 45; 163,24
12108;Sueras/Suera; 120; 22900,76; 10; 1908,4; 2; 381,68
46236;Sumacarcer; 120; 10938,92; 7; 638,1; 0; 0,0
12109;Tales; 142; 17727,84; 11; 1373,28; 0; 0,0
46237;Tavernes Blanques; 2400; 26019,08; 164; 1777,97; 15; 162,62
46238;Tavernes de la Valldigna; 4975; 28833,89; 375; 2173,41; 53; 307,18
12110;Teresa; 26; 10526,32; 1; 404,86; 1; 404,86
46239;Teresa de Cofrentes; 82; 13247,17; 11; 1777,06; 4; 646,2
46240;Terrateig; 10; 3906,25; 1; 390,62; 0; 0,0
3128;Teulada; 2979; 26414,26; 157; 1392,09; 23; 203,94
3129;Tibi; 211; 12695,55; 15; 902,53; 2; 120,34
46241;Titaguas; 219; 48237,89; 15; 3303,96; 0; 0,0
12112;Todolella; 22; 15602,84; 4; 2836,88; 0; 0,0
12113;Toga; 15; 15625,0; 1; 1041,67; 0; 0,0
3130;Tollos; 2; 5714,29; 0; 0,0; 0; 0,0
3131;Tormos; 17; 5345,91; 2; 628,93; 0; 0,0
12115;Toro (El); 22; 9128,63; 1; 414,94; 0; 0,0
12116;Torralba del Pinar; 0; 0,0; 0; 0,0; 0; 0,0
12119;Torre d'En Besora (la); 19; 11377,25; 0; 0,0; 1; 598,8
12120;Torre d'en Domenec (la); 3; 1851,85; 0; 0,0; 0; 0,0
46242;Torrebaja; 73; 18159,2; 2; 497,51; 0; 0,0
12117;Torreblanca; 1208; 21672,05; 75; 1345,53; 7; 125,58
12118;Torrechiva; 7; 7865,17; 0; 0,0; 0; 0,0
46243;Torrella; 3; 2068,97; 0; 0,0; 0; 0,0
3132;Torremanzanas/Torre de les Maçanes (la); 41; 6446,54; 0; 0,0; 0; 0,0
46244;Torrent; 20775; 24743,34; 1670; 1989,0; 177; 210,81
46245;Torres Torres; 93; 13901,35; 5; 747,38; 1; 149,48
3133;Torrevieja; 13998; 16533,01; 859; 1014,56; 149; 175,98
12114;Toras; 16; 6896,55; 3; 1293,1; 0; 0,0
46246;Tous; 253; 19658,12; 21; 1631,7; 1; 77,7
12121;Traiguera; 593; 43379,66; 33; 2414,05; 10; 731,53
46248;Turis; 2141; 31850,64; 159; 2365,37; 5; 74,38
46247;Tuejar; 175; 15391,38; 4; 351,8; 2; 175,9
3127;Tarbena; 64; 10272,87; 7; 1123,6; 3; 481,54
12111;Tirig; 58; 13809,52; 9; 2142,86; 0; 0,0
12122;Useras/Useres (les); 58; 6047,97; 7; 729,93; 1; 104,28
46249;Utiel; 3634; 31715,83; 169; 1474,95; 49; 427,65
46250;Valencia; 212240; 26522,87; 16236; 2028,95; 1335; 166,83
12124;Vall d'Alba; 1602; 56092,44; 198; 6932,77; 7; 245,1
3134;Vall d'Alcala (la); 10; 6250,0; 0; 0,0; 0; 0,0
3135;Vall d'Ebo (la); 10; 4587,16; 0; 0,0; 1; 458,72
12126;Vall d'Uixo (la); 8926; 28174,62; 489; 1543,51; 45; 142,04
12125;Vall de Almonacid; 32; 12167,3; 3; 1140,68; 0; 0,0
3136;Vall de Gallinera; 27; 5123,34; 1; 189,75; 0; 0,0
3137;Vall de Laguar (la); 146; 17654,17; 8; 967,35; 1; 120,92
46251;Vallada; 882; 28488,37; 93; 3003,88; 10; 323,0
46252;Vallanca; 24; 18045,11; 0; 0,0; 1; 751,88
12123;Vallat; 1; 1960,78; 0; 0,0; 0; 0,0
12127;Vallibona; 4; 6060,61; 0; 0,0; 0; 0,0
46253;Valles; 3; 1948,05; 0; 0,0; 0; 0,0
46254;Venta del Moro; 238; 19866,44; 23; 1919,87; 1; 83,47
3138;Verger (el); 1757; 37311,53; 97; 2059,89; 25; 530,9
12135;Vila-real; 15237; 29705,81; 1074; 2093,85; 103; 200,81
12128;Vilafames; 215; 11755,06; 50; 2733,73; 0; 0,0
46256;Vilamarxant; 2125; 21484,18; 164; 1658,07; 7; 70,77
12132;Vilanova d'Alcolea; 65; 11423,55; 8; 1405,98; 1; 175,75
12134;Vilar de Canes; 12; 7100,59; 2; 1183,43; 0; 0,0
12136;Vilavella (la); 660; 21120,0; 44; 1408,0; 6; 192,0
12129;Villafranca del Cid/Vilafranca; 524; 23850,71; 34; 1547,56; 1; 45,52
12130;Villahermosa del Rio; 143; 29545,45; 43; 8884,3; 15; 3099,17
3139;Villajoyosa/Vila Joiosa (la); 8505; 24162,62; 469; 1332,42; 81; 230,12
46255;Villalonga; 1035; 23684,21; 68; 1556,06; 4; 91,53
12131;Villamalur; 2; 1960,78; 0; 0,0; 0; 0,0
12133;Villanueva de Viver; 6; 10000,0; 0; 0,0; 0; 0,0
46258;Villar del Arzobispo; 963; 27234,16; 89; 2516,97; 3; 84,84
46259;Villargordo del Cabriel; 177; 30412,37; 4; 687,29; 2; 343,64
3140;Villena; 9885; 28941,59; 684; 2002,64; 73; 213,73
12137;Villores; 1; 2380,95; 0; 0,0; 0; 0,0
46260;Vinalesa; 793; 23241,5; 68; 1992,97; 3; 87,92
12138;Vinaros; 7713; 26750,6; 563; 1952,62; 46; 159,54
12139;Vistabella del Maestrazgo; 70; 21021,02; 6; 1801,8; 1; 300,3
12140;Viver; 574; 36513,99; 24; 1526,72; 13; 826,97
3081;Xalo; 213; 7426,78; 15; 523,01; 2; 69,74
46143;Xeraco; 1178; 20594,41; 97; 1695,8; 8; 139,86
46146;Xeresa; 469; 21347,29; 58; 2639,96; 2; 91,03
46110;Xirivella; 8713; 28853,86; 608; 2013,45; 51; 168,89
46145;Xativa; 7301; 24646,39; 496; 1674,37; 42; 141,78
46262;Yesa (La); 12; 5429,86; 2; 904,98; 0; 0,0
46261;Yatova; 222; 10678,21; 33; 1587,3; 0; 0,0
46263;Zarra; 55; 15895,95; 13; 3757,23; 0; 0,0
12141;Zorita del Maestrazgo; 11; 9909,91; 2; 1801,8; 0; 0,0
12142;Zucaina; 25; 15432,1; 2; 1234,57; 0; 0,0
46119;enova (l'); 176; 19512,2; 16; 1773,84; 6; 665,19